ID,w2_res1,w2_res2,w2_res3,w2_res3R,w2_res4,w2_res5,w2_res6,w2_res7,w2_res8,w2_res8R,w2_res9,w2_res10,w2_res10R,w2_res11,w2_res11R,w2_res12,w2_res13,w2_res14,w2_res14R,w2_res15,w2_res15R,w2_av1,w2_av2,w2_av3,w2_av3R,w2_av4,w2_av5,w2_av6,w2_av7,w2_av8,w2_av8R,w2_av9,w2_av10,w2_av10R,w2_av11,w2_av11R,w2_av12,w2_av13,w2_av14,w2_av14R,w2_av15,w2_av15R,W2_Dis3Rev,W2_Dis1,W2_Dis2,W2_Dis3,W2_Dis4,W2_Dis5,W2_Dis6,W2_Dis7,W2_Dis8,W2_Dis9,W2_Dis10,W2_Dis11,W2_Dis12,W2_Dis13,W2_Dis14,W2_Dis15,W2_Dis8Rev,W2_Dis10Rev,W2_Dis14Rev,W2_Dis15Rev
6864,5,5,4,4,4,1,3,4,4,4,5,4,4,1,7,1,1,4,4,4,4,1,1,7,1,4,4,1,4,4,4,4,4,4,1,7,4,4,4,4,7,1,3,4,4,-3,0,-3,2,0,0,1,0,0,-3,-3,0,-3,0,0,0,3
573,5,6,3,5,1,4,4,5,4,4,5,2,6,4,4,4,3,3,5,4,4,1,3,7,1,7,4,1,2,7,1,2,6,2,1,7,2,1,7,1,7,1,4,4,3,-4,-6,0,3,3,-3,3,-4,3,2,2,-4,-3,3,4,4,3
306,4,7,4,4,7,4,5,2,5,3,6,7,1,1,7,1,1,4,4,4,4,1,1,6,2,7,1,1,1,7,1,1,7,1,4,4,1,1,7,1,7,1,2,3,6,-2,0,3,4,1,-2,5,0,-3,0,0,-3,-3,2,0,3,3
2560,5,4,6,2,1,5,3,2,4,4,7,5,3,2,6,5,4,3,5,4,4,7,1,7,1,7,7,1,7,7,1,5,1,7,1,7,7,1,7,1,7,1,1,-2,3,-1,-6,-2,2,-5,-3,2,4,1,-2,3,-4,-3,3,-4,4,3
8975,3,5,2,6,4,4,4,4,3,5,5,3,5,2,6,2,2,4,4,4,4,1,1,6,2,6,4,2,2,4,4,1,7,1,7,1,1,1,4,4,4,4,4,2,4,-4,-2,0,2,2,-1,4,-4,-5,1,1,0,0,1,4,0,0
9160,2,5,7,1,1,3,1,5,4,4,4,6,2,1,7,3,1,4,4,5,3,1,1,7,1,1,4,1,5,5,3,5,1,7,1,7,7,1,7,1,7,1,0,1,4,0,0,-1,0,0,-1,-1,5,0,-4,0,-3,-2,1,-5,3,2
7573,3,5,4,4,4,2,3,3,4,4,4,6,2,2,6,3,4,4,4,4,4,1,2,6,2,2,5,3,4,6,2,4,4,4,1,7,4,4,4,4,6,2,2,2,3,-2,2,-3,0,-1,-2,0,2,1,-1,0,0,-2,2,-2,0,2
381,2,2,5,3,2,4,2,2,5,3,2,6,2,1,7,2,4,4,4,5,3,1,2,7,1,1,4,3,2,4,4,3,5,3,1,7,7,7,5,3,7,1,2,1,0,-2,1,0,-1,0,1,-1,1,0,-5,-3,-1,-2,-1,-1,1,2
973,3,2,6,2,7,7,3,3,2,6,4,4,4,6,2,3,3,4,4,4,4,1,1,4,4,5,4,3,5,4,4,5,4,4,6,2,3,2,5,3,4,4,-2,2,1,2,2,3,0,-2,-2,-1,0,0,0,1,-1,0,2,0,1,0
2222,2,3,5,3,3,2,2,3,6,2,3,6,2,1,7,1,1, , ,5,3,1,3,7,1,4,6,2,2,7,1,5,4,4,1,7,4,2,6,2,7,1,2,1,0,-2,-1,-4,0,1,-1,-2,2,0,-3,-1, ,-2,1,-2, ,2
3437,2,1,5,3,3,2,2,2,3,5,4,7,1,1,7,1,1,6,2,6,2,2,2,5,3,5,4,2,3,4,4,4,5,3,1,7,1,1,5,3,5,3,0,0,-1,0,-2,-2,0,-1,-1,0,2,0,0,0,1,1,1,-2,-1,-1
313,3,3,4,4,4,2,1,3,6,2,4,7,1,4,4,2,1,2,6,5,3,3,3,6,2,4,2,1,1,7,1,1,7,1,7,1,1,1,1,7,7,1,2,0,0,-2,0,0,0,2,-1,3,0,-3,1,0,1,-2,1,0,-1,2
4638,2,2,3,5,5,4,3,3,3,5,4,4,4,2,6,3,2,3,5,4,4,3,3,4,4,3,3,3,3,2,6,3,4,4,2,6,3,2,4,4,6,2,1,-1,-1,-1,2,1,0,0,1,1,0,0,0,0,-1,-2,-1,0,1,2
8157,5,3,5,3,7,6,4,2,5,3,4,7,1,2,6,2,2,3,5,4,4,2,2,4,4,3,2,3,1,7,1,3,7,1,1,7,1,1,6,2,7,1,-1,3,1,1,4,4,1,1,-2,1,0,1,1,1,-3,-3,2,0,3,3
2592,4,4,4,4,2,2,3,2,6,2,2,4,4,1,7,3,1,4,4,4,4,1,2,7,1,3,7,1,1,7,1,4,4,4,1,7,1,1,4,4,7,1,3,3,2,-3,-1,-5,2,1,-1,-2,0,0,2,0,0,-3,1,0,0,3
2747,6,5,4,4,4,1,5,2,6,2,3,5,3,5,3,5,2,7,1,5,3,3,2,6,2,2,4,1,1,7,1,1,7,1,2,6,7,2,7,1,7,1,2,3,3,-2,2,-3,4,1,-1,2,-2,3,-2,0,0,-2,1,2,0,2
7184,3,2,4,4,5,3,2,2,3,5,4,3,5,2,6,2,2,3,5,3,5,1,1,6,2,3,3,2,2,6,2,2,6,2,3,5,2,3,7,1,7,1,2,2,1,-2,2,0,0,0,-3,2,-3,-1,0,-1,-4,-4,3,3,4,4
1224,3,2,4,4,5,4,6,2,6,2,4,7,1,1,7,3,3,5,3,5,3,2,2,6,2,2,2,2,3,6,2,2,6,2,1,7,1,1,6,2,6,2,2,1,0,-2,3,2,4,-1,0,2,1,0,2,2,-1,-1,0,-1,1,1
4141,1,1,4,4,3,3,3,4,2,6,2,4,4,2,6,5,1,4,4,5,3,1,1,7,1,7,1,1,1,1,7,1,7,1,1,7,7,1,7,1,7,1,3,0,0,-3,-4,2,2,3,1,1,-3,1,-2,0,-3,-2,-1,3,3,2
8947,3,5,6,2,5,3,5,4,4,4,3,5,3,3,5,3,3,4,4,3,5,2,3,4,4,3,2,2,2,4,4,1,6,2,7,1,2,2,4,4,5,3,-2,1,2,2,2,1,3,2,0,2,-1,-4,1,1,0,-2,0,1,0,2
774,2,1,6,2,2,2,1,1,4,4,1,7,1,1,7,2,3,4,4,5,3,1,1,7,1,7,1,1,1,7,1,1,7,1,1,7,1,1,7,1,7,1,1,1,0,-1,-5,1,0,0,-3,0,0,0,1,2,-3,-2,3,0,3,2
6398,4,3,5,3,3,1,1,1,5,3,1,6,2,1,7,2,1,7,1,4,4,2,2,6,2,4,2,2,4,5,3,4,4,4,2,6,4,4,4,4,5,3,1,2,1,-1,-1,-1,-1,-3,0,-3,2,-1,-2,-3,3,-1,0,-2,-3,1
6641,3,3,5,3,4,3,3,2,5,3,4,6,2,1,7,3,3,5,3,6,2,2,1,6,2,4,2,1,2,7,1,2,5,3,1,7,2,2,6,2,6,2,1,1,2,-1,0,1,2,0,-2,2,1,0,1,1,-1,0,2,-1,1,0
3603,3,3,5,3,5,3,3,4,6,2,2,7,1,1,7,2,2,5,3,6,2,3,4,5,3,6,2,3,4,5,3,2,6,2,1,7,2,2,6,2,6,2,0,0,-1,0,-1,1,0,0,1,0,1,0,0,0,-1,0,-1,-1,1,0
6150,3,3,3,5,5,2,2,2,3,5,3,5,3,2,6,2,2,2,6,4,4,1,1,7,1,7,1,1,1,4,4,1,7,1,4,4,4,4,4,4,4,4,4,2,2,-4,-2,1,1,1,-1,2,-2,-2,-2,-2,-2,0,1,2,2,0
4222,4,4,5,3,7,6,4,3,4,4, ,6,2,1,7,1,1,4,4,6,2,1,1,7,1,7,5,1,1,7,1,4,4,4,1,7,7,1,7,1,7,1,2,3,3,-2,0,1,3,2,-3, ,2,0,-6,0,-3,-1,3,-2,3,1
725,2,1,7,1,4,2,3,1,5,3,3,7,1,1,7,2,3,6,2,6,2,2,1,5,3,6,3,2,4,2,6,1,7,1,1,7,3,5,7,1,6,2,-2,0,0,2,-2,-1,1,-3,3,2,0,0,-1,-2,-1,0,-3,0,1,0
8207,3,3,5,3,4,3,3,3,4,4,3,3,5,2,6,2,4,3,5,5,3,2,2,5,3,5,2,2,2,5,3,2,5,3,2,6,2,2,6,2,5,3,0,1,1,0,-1,1,1,1,-1,1,-2,0,0,2,-3,0,1,2,3,0
1027,4,5,3,5,5,3,3,3,4,4,3,5,3,3,5,3,3,5,3,4,4,2,2,5,3,5,6,3,3,5,3,3,4,4,2,6,4,3,5,3,6,2,2,2,3,-2,0,-3,0,0,-1,0,1,1,-1,0,0,-2,1,-1,0,2
1149,4,5,6,2,2,2,4,4,5,3,5,6,2,2,6,4,4,4,4,4,4,4,5,5,3,2,2,4,3,4,4,3,5,3,2,6,4,4,4,4,4,4,-1,0,0,1,0,0,0,1,1,2,1,0,0,0,0,0,-1,-1,0,0
3862,3,1,6,2,2,1,1,1,6,2,3,6,2,4,4,2,1,6,2,6,2,4,4,4,4,4,4,4,4,4,4,4,4,4,4,4,4,4,4,4,4,4,-2,-1,-3,2,-2,-3,-3,-3,2,-1,2,0,-2,-3,2,2,-2,-2,-2,-2
3916,2,4,5,3,1,1,1,2,6,2,4,5,3,2,6,3,3,4,4,5,3,2,2,5,3,4,2,2,2,5,3,1,6,2,1,7,4,4,4,4,4,4,0,0,2,0,-3,-1,-1,0,1,3,-1,1,-1,-1,0,1,-1,1,0,-1
5178,7,7,7,1,7,7,7,1,1,7,7,1,7,1,7,1,1,7,1,1,7,1,1,7,1,1,1,1,1,7,1,1,7,1,1,7,1,7,1,7,7,1,0,6,6,0,6,6,6,0,-6,6,-6,0,0,-6,6,-6,6,6,-6,6
5639,2,4,2,6,1,1,1,2,6,2,5,4,4,3,5,3,2,7,1,5,3,3,4,6,2,1,1,1,2,6,2,5,4,4,3,5,3,2,7,1,6,2,4,-1,0,-4,0,0,0,0,0,0,0,0,0,0,0,-1,0,0,0,1
5687,3,3,6,2,2,1,2,3,6,2,5,7,1,6,2,1,1,7,1,5,3,1,1,7,1,7,2,1,1,7,1,1,7,1,7,1,6,2,7,1,7,1,1,2,2,-1,-5,-1,1,2,-1,4,0,-1,-5,-1,0,-2,1,0,0,2
5748,2,4,6,2,6,2,3,2,4,4,6,6,2,2,6,3,3,4,4,6,2,3,3,6,2,5,1,1,2,6,2,6,6,2,3,5,3,3,4,4,6,2,0,-1,1,0,1,1,2,0,-2,0,0,-1,0,0,0,0,2,0,0,0
5970,4,4,3,5,3,5,6,4,3,5,7,5,3,1,7,5,3,4,4,4,4,2,2,5,3,4,2,1,3,5,3,3,4,4,1,7,4,4,4,4,5,3,2,2,2,-2,-1,3,5,1,-2,4,1,0,1,-1,0,-1,2,-1,0,1
6067,3,3,3,5,2,1,1,4,4,4,5,5,3,3,5,4,2,4,4,7,1,1,1,7,1,3,3,2,3,6,2,2,5,3,1,7,3,3,5,3,6,2,4,2,2,-4,-1,-2,-1,1,-2,3,0,2,1,-1,-1,1,2,0,1,-1
6108,2,2,6,2,2,2,2,2,6,2,4,7,1,1,7,1,1,7,1,7,1,2,2,7,1,1,1,1,1,6,2,4,7,1,1,7,1,1,7,1,6,2,1,0,0,-1,1,1,1,1,0,0,0,0,0,0,0,1,0,0,0,-1
6140,3,3,4,4,4,3,3,2,4,4,1,6,2,2,6,3,4,4,4,5,3,4,2,7,1,4,6,3,2,5,3,4,4,4,2,6,3,2,5,3,6,2,3,-1,1,-3,0,-3,0,0,-1,-3,2,0,0,2,-1,-1,1,-2,1,1
6518,1,1,7,1,6,2,2,2,7,1,1,7,1,1,7,1,1,4,4,5,3,1,1,7,1,1,7,7,7,7,1,1,1,7,1,7,1,1,1,7,7,1,0,0,0,0,5,-5,-5,-5,0,0,6,0,0,0,3,-2,0,-6,-3,2
6929,1,2,4,4,3,3,2,4,4,4,3,4,4,3,5,3,3,3,5,4,4,1,2,2,6,2,2,2,2,1,7,1,5,3,7,1,7,5,7,1,7,1,-2,0,0,2,1,1,0,2,3,2,-1,-4,-4,-2,-4,-3,-3,1,4,3
7115,3,4,5,3,4,2,3,3,4,4,3,5,3,1,7,2,2,4,4,4,4,2,2,7,1,1,1,1,1,7,1,4,4,4,1,7,1,1,4,4,5,3,2,1,2,-2,3,1,2,2,-3,-1,1,0,1,1,0,-1,3,-1,0,1
7805,3,2,5,3,4,4,4,1,5,3,3,6,2,1,7,7,1,5,3,4,4,2,1,5,3,4,5,1,1,7,1,1,7,1,7,1,1,1,7,1,5,3,0,1,1,0,0,-1,3,0,-2,2,-1,-6,6,0,-2,-1,2,1,2,1
8757,1,2,6,2,5,2,3,2,3,5,4,5,3,1,7,2,2,4,4,5,3,1,1,7,1, ,1,1,2,4,4,3,5,3,1,7,2,2,4,4,7,1,1,0,1,-1, ,1,2,0,-1,1,0,0,0,0,0,-2,1,0,0,2
9050,2,2,6,2,3,2,1,2,3,5,7,5,3,1,7,2,3,3,5,3,5,1,1,7,1,1,1,1,1,7,1,1,7,1,1,7,7,7,7,1,7,1,1,1,1,-1,2,1,0,1,-4,6,-2,0,-5,-4,-4,-4,4,2,4,4
33,6,4,6,2,2,3,2,2,7,1,2,4,4,3,5,2,3,6,2,6,2,1,3,5,3,7,6,2,5,7,1,2,4,4,3,5,6,5,4,4,7,1,-1,5,1,1,-5,-3,0,-3,0,0,0,0,-4,-2,2,-1,0,0,-2,1
6123,5,5,2,6,4,3,4,4,3,5,7,4,4,2,6,5,5,4,4,4,4,4,4,4,4,4,4,4,4,4,4,2,4,4,5,3,6,6,6,2,5,3,2,1,1,-2,0,-1,0,0,-1,5,0,-3,-1,-1,-2,-1,1,0,2,1
8651,3,4,6,2,1,1,3,5,4,4,2,7,1,1,7,4,4,4,4,6,2,1,4,7,1,4,7,1,1,6,2,1,7,1,1,7,4,4,3,5,7,1,1,2,0,-1,-3,-6,2,4,-2,1,0,0,0,0,1,-1,2,0,-1,1
734,5,3,5,3,6,3,3,2,4,4,3,7,1,2,6,1,1,4,4,4,4,1,1,7,1,7,4,4,1,7,1,3,4,4,2,6,2,4,4,4,4,4,2,4,2,-2,-1,-1,-1,1,-3,0,3,0,-1,-3,0,0,3,-3,0,0
2461,3,3,3,5,6,2,3,3,4,4,4,5,3,4,4,3,3,4,4,5,3,2,2,6,2,3,5,5,3,5,3,5,4,4,3,5,5,5,4,4,6,2,3,1,1,-3,3,-3,-2,0,-1,-1,1,1,-2,-2,0,-1,1,-1,0,1
3966,4,5,4,4,5,3,3,4,5,3,5,6,2,2,6,3,3,4,4,5,3,2,2,5,3,3,2,2,4,5,3,5,4,4,2,6,4,4,4,4,6,2,1,2,3,-1,2,1,1,0,0,0,2,0,-1,-1,0,-1,0,-2,0,1
2810,5,5,4,4,2,1,4,3,4,4,5,5,3,4,4,5,4,6,2,5,3,3,4,7,1,4,1,1,1,4,4,3,6,2,1,7,4,4,2,6,7,1,3,2,1,-3,-2,0,3,2,0,2,-1,3,1,0,4,-2,0,1,-4,2
2285,3,3,6,2,2,2,3,2,5,3,2,7,1,1,7,2,2,6,2,5,3,2,2,6,2,2,6,2,2,7,1,3,4,4,1,7,7,3,4,4,6,2,0,1,1,0,0,-4,1,0,-2,-1,3,0,-5,-1,2,-1,2,-3,-2,1
289,5,5,3,5,6,4,5,3,3,5,4,4,4,1,7,3,3,5,3,4,4,3,3,4,4,5,6,2,4,4,4,1,4,4,7,1,4,4,4,4,6,2,1,2,2,-1,1,-2,3,-1,-1,3,0,-6,-1,-1,1,-2,1,0,-1,2
5364,5,3,6,2,2,1,4,3,4,4,5,7,1,2,6,4,4,4,4,5,3,5,3,6,2,2,1,4,4,4,4,5,7,1,2,6,4,4,4,4,5,3,0,0,0,0,0,0,0,-1,0,0,0,0,0,0,0,0,0,0,0,0
8996,5,3,4,4,6,6,5,5,4,4,4,6,2,2,6,2,3,3,5,4,4,4,4,4,4,4,4,4,4,4,4,4,4,4,4,4,4,4,4,4,4,4,0,1,-1,0,2,2,1,1,0,0,2,-2,-2,-1,-1,0,0,-2,1,0
204,3,3,6,2,6,5,4,3,3,5,3,4,4,2,6,1,4,2,6,3,5,1,1,6,2,3,2,2,2,6,2,2,3,5,1,7,6,2,6,2,6,2,0,2,2,0,3,3,2,1,-3,1,1,1,-5,2,-4,-3,3,-1,4,3
3573,2,3,6,2,4,4,2,1,4,4,3,3,5,4,4,3,2,4,4,2,6,2,3,6,2,2,2,2,3,6,2,1,7,1,7,1,2,2,7,1,4,4,0,0,0,0,2,2,0,-2,-2,2,-4,-3,1,0,-3,-2,2,4,3,2
9370,1,3,7,1,2,2,1,1,4,4,1,4,4,1,7,1,1,4,4,1,7,1,1,7,1,7,7,1,1,7,1,4,4,4,4,4,4,4,7,1,7,1,0,0,2,0,-5,-5,0,0,-3,-3,0,-3,-3,-3,-3,-6,3,0,3,6
5142,1,3,1,7,3,1,1,1,7,1,3,2,6,1,7,1,1,1,7,6,2,1,1,7,1,7,5,6,2,3,5,7,7,1,1,7,4,1,3,5,4,4,6,0,2,-6,-4,-4,-5,-1,4,-4,-5,0,-3,0,-2,2,-4,5,2,-2
3180,5,5,4,4, ,4,4,3,3,5,4,4,4,3,5,2,3,4,4,3,5,4,4,4,4,4,4,4,4,4,4,4,4,4,3,5,3,3,4,4,5,3,0,1,1,0, ,0,0,-1,-1,0,0,0,-1,0,0,-2,1,0,0,2
3236,4,3,6,2,3,3,2,2,6,2,3,7,1,2,6,2,1,3,5,5,3,3,3,6,2,4,3,2,2,5,3,2,6,2,2,6,1,1,4,4,7,1,0,1,0,0,-1,0,0,0,1,1,1,0,1,0,-1,-2,-1,-1,1,2
2633,3,4,4,4,5,3,5,4,2,6,6,5,3,1,7,2,3,1,7,5,3,1,2,6,2,4,1,1,2,7,1,2,4,4,1,7,2,1,7,1,7,1,2,2,2,-2,1,2,4,2,-5,4,1,0,0,2,-6,-2,5,-1,6,2
5872,5,3,6,2,5,4,3,1,7,1,5,6,2,2,6,2,1,5,3,6,2,1,1,7,1,4,1,1,7,7,1,1,7,1,4,4,1,1,7,1,7,1,1,4,2,-1,1,3,2,-6,0,4,-1,-2,1,0,-2,-1,0,1,2,1
9107,4,5,6,2,2,1,2,1,4,4,4,6,2,2,6,4,4,3,5,4,4,4,3,5,3,2,1,1,1,7,1,3,7,1,7,1,3,3,4,4,7,1,-1,0,2,1,0,0,1,0,-3,1,-1,-5,1,1,-1,-3,3,1,1,3
5776,3,4,3,5,4,4,3,2,5,3,3,6,2,1,7,2,2,5,3,5,3,1,1,7,1,7,7,1,1,7,1,4,4,4,1,7,2,4,6,2,7,1,4,2,3,-4,-3,-3,2,1,-2,-1,2,0,0,-2,-1,-2,2,-2,1,2
6570,3,4,6,2,3,5,2,4,4,4,2,5,3,1,7,3,4,3,5,5,3,1,1,1,7,7,7,1,1,7,1,1,7,1,5,3,1,4,7,1,7,1,-5,2,3,5,-4,-2,1,3,-3,1,-2,-4,2,0,-4,-2,3,2,4,2
2233,2,4,6,2,3,2,3,3,6,2,4,6,2,6,2,6,6,6,2,5,3,2,3,7,1,6,2,1,3,7,1,6,7,1,7,1,6,7,7,1,7,1,1,0,1,-1,-3,0,2,0,-1,-2,-1,-1,0,-1,-1,-2,1,1,1,2
2534,3,5,4,4,6,6,5,3,3,5,4,4,4,2,6,3,1,4,4,5,3,1,4,5,3,6,6,5,4,3,5,4,4,4,3,5,4,3,4,4,5,3,1,2,1,-1,0,0,0,-1,0,0,0,-1,-1,-2,0,0,0,0,0,0
7896,3,3,4,4,4,5,4,3,4,4,3,4,4,1,7,3,3,4,4,5,3,2,3,5,3,4,3,3,3,4,4,4,4,4,1,7,4,4,5,3,6,2,1,1,0,-1,0,2,1,0,0,-1,0,0,-1,-1,-1,-1,0,0,1,1
3178,2,3,5,3,6,6,7,3,2,6,6,4,4,2,6,2,2,5,3,4,4,4,3,5,3,5,7,2,3,2,6,4,5,3,1,7,2,3,4,4,5,3,0,-2,0,0,1,-1,5,0,0,2,-1,1,0,-1,1,-1,0,1,-1,1
1092,3,3,5,3,3,2,2,2,6,2,3,5,3,1,7,3,3,5,3,5,3,6,6,6,2,6,6,3,6,6,2,4,4,4,1,7,4,4,4,4,4,4,1,-3,-3,-1,-3,-4,-1,-4,0,-1,1,0,-1,-1,1,1,0,-1,-1,-1
5484,3,3,6,2,4,2,2,3,4,4,3,6,2,1,7,2,3,3,5,4,4,3,3,5,3,5,4,2,4,4,4,4,4,4,1,7,3,3,4,4,4,4,-1,0,0,1,-1,-2,0,-1,0,-1,2,0,-1,0,-1,0,0,-2,1,0
328,2,3,4,4,6,5,3,3,5,3,4,3,5,2,6,2,2,3,5,5,3,3,3,5,3,6,6,5,3,5,3,2,5,3,6,2,2,2,5,3,5,3,1,-1,0,-1,0,-1,-2,0,0,2,-2,-4,0,0,-2,0,0,2,2,0
369,2,3,5,3,4,2,2,1,5,3,2,5,3,1,7,5,3,6,2,6,2,2,3,7,1,4,2,2,1,5,3,4,4,4,1,7,1,3,6,2,7,1,2,0,0,-2,0,0,0,0,0,-2,1,0,4,0,0,-1,0,-1,0,1
395,5,6,7,1,6,7,2,3,4,4,5,1,7,6,2,4,4,3,5,2,6,2,3,6,2,6,6,6,1,3,5,1,5,3,7,1,4,3,2,6,4,4,-1,3,3,1,0,1,-4,2,1,4,-4,-1,0,1,1,-2,-1,4,-1,2
932,3,5,6,2,4,2,3,3,4,4,6,6,2,1,7,3,3,3,5,4,4,2,2,7,1,3,3,1,2,6,2,2,6,2,1,7,2,2,4,4,7,1,1,1,3,-1,1,-1,2,1,-2,4,0,0,1,1,-1,-3,2,0,1,3
1519,3,2,6,2,1,1,1,1,4,4,3,7,1,1,7,4,5,7,1,5,3,2,1,7,1,1,1,1,1,7,1,1,7,1,2,6,4,3,7,1,6,2,1,1,1,-1,0,0,0,0,-3,2,0,-1,0,2,0,-1,3,0,0,1
1525,3,4,6,2,6,5,4,3,4,4,6, , ,3,5,3,4,4,4,4,4,4,4,6,2,5,3,3,2,5,3,3,5,3,2,6,3,2,4,4,6,2,0,-1,0,0,1,2,1,1,-1,3, ,1,0,2,0,-2,1, ,0,2
1933,1,1,6,2,4,2,2,3,5,3,2,7,1,1,7,2,3,5,3,6,2,1,1,7,1,4,7,4,4,4,4,4,4,4,1,7,2,2,6,2,6,2,1,0,0,-1,0,-5,-2,-1,1,-2,3,0,0,1,-1,0,-1,-3,1,0
2322,3,3,5,3,6,2,4,1,4,4,4,3,5,2,6,2,2,4,4,4,4,2,2,6,2,4,3,1,1,5,3,4,5,3,4,4,4,4,4,4,5,3,1,1,1,-1,2,-1,3,0,-1,0,-2,-2,-2,-2,0,-1,1,2,0,1
3027,2,3,5,3,2,1,1,4,6,2,2,6,2,2,6,3,3,5,3,6,2,1,3,5,3,1,5,4,6,6,2,5,4,4,1,7,5,5,7,1,7,1,0,1,0,0,1,-4,-3,-2,0,-3,2,1,-2,-2,-2,-1,0,-2,2,1
3207,3,1,4,4,3,3,3,2,5,3,1,4,4,2,6,2,1,3,5,5,3,4,4,4,4,4,4,4,4,4,4,4,4,4,4,4,4,4,4,4,4,4,0,-1,-3,0,-1,-1,-1,-2,1,-3,0,-2,-2,-3,-1,1,-1,0,1,-1
3358,2,3,5,3,3,1,4,1,5,3,4,3,5,2,6,1,1,3,5,5,3,1,1,7,1,4,7,1,1,7,1,3,5,3,1,7,1,1,1,7,7,1,2,1,2,-2,-1,-6,3,0,-2,1,-2,1,0,0,2,-2,2,2,-2,2
3408,4,2,4,4,4,1,1,1,5,3,2,5,3,1,7,1,1,4,4,4,4,3,3,5,3,4,3,2,3,6,2,1,7,1,1,7,2,1,6,2,7,1,1,1,-1,-1,0,-2,-1,-2,-1,1,-2,0,-1,0,-2,-3,1,2,2,3
4153,5,5,6,2, ,1,2,2,6,2,4,5,3,1,7,3,4,4,4,4,4,4,3,6,2,3,2,2,2,6,2,4,6,2,1,7,3,2,4,4,6,2,0,1,2,0, ,-1,0,0,0,0,-1,0,0,2,0,-2,0,1,0,2
4654,2,3,4,4,7,1,2,2,5,3,4,5,3,3,5,2,2,3,5,6,2,2,2,7,1,7,2,1,1,7,1,2,6,2,1,7,1,2,2,6,7,1,3,0,1,-3,0,-1,1,1,-2,2,-1,2,1,0,1,-1,2,1,-1,1
4682,4,3,6,2,4,2,4,2,4,4,4,6,2,4,4,5, ,4,4,4,4,2,2,6,2,6,2,2,2,6,2,4,4,4,1,7,4,4,6,2,7,1,0,2,1,0,-2,0,2,0,-2,0,2,3,1, ,-2,-3,2,-2,2,3
5655,3,2,6,2,5,4,4,2,4,4,4,5,3,1,7,3,2,5,3,5,3,3,2,5,3,6,4,4,2,4,4,3,6,2,1,7,3,3,5,3,5,3,-1,0,0,1,-1,0,0,0,0,1,-1,0,0,-1,0,0,0,1,0,0
5785,1,2,6,2,1,1,4,2,5,3,4,4,4,2,6,5,3,5,3,2,6,1,1,7,1,4,1,1,1,7,1,1,7,1,1,7,1,1,7,1,7,1,1,0,1,-1,-3,0,3,1,-2,3,-3,1,4,2,-2,-5,2,3,2,5
6474,2,3,7,1,4,6,5,2,4,4,3,6,2,2,6,5,3,3,5,6,2,1,1,7,1,2,2,1,3,7,1,1,4,4,1,7,2,1,6,2,7,1,0,1,2,0,2,4,4,-1,-3,2,2,1,3,2,-3,-1,3,-2,3,1
6605,2,2,6,2,4,1,4,2,7,1,3,7,1,1,7,2,2,7,1,5,3,2,2,2,6,3,3,2,3,5,3,5,5,3,1,7,2,2,6,2,5,3,-4,0,0,4,1,-2,2,-1,2,-2,2,0,0,0,1,0,-2,-2,-1,0
7154,1,3,5,3,6,3,3,4,5,3,4,6,2,1,7,3,1,5,3,4,4,3,1,5,3,6,6,2,1,7,1,1,5,3,7,1,2,2,6,2,7,1,0,-2,2,0,0,-3,1,3,-2,3,1,-6,1,-1,-1,-3,2,-1,1,3
8073,5,5,5,3,4,3,3,4,5,3,4,6,2,3,5,3,3,4,4,4,4,3,4,4,4,1,2,3,3,5,3,4,5,3,2,6,3,3,4,4,5,3,-1,2,1,1,3,1,0,1,0,0,1,1,0,0,0,-1,0,-1,0,1
9457,3,1,4,4,1,5,4,5,6,2,2,4,4,4,4,3,2,4,4,2,6,1,1,4,4,4,4,4,4,7,1,1,4,4,2,6,5,3,4,4,7,1,0,2,0,0,-3,1,0,1,-1,1,0,2,-2,-1,0,-5,1,0,0,5
4846,1,1,4,4,7,7,7,7,1,7,5,2,6,1,7,1,1,1,7,5,3,1,1,1,7,7,7,7,7,1,7,5,2,6,1,7,1,1,4,4,5,3,-3,0,0,3,0,0,0,0,0,0,0,0,0,0,-3,0,0,0,3,0
2493,1,2,6,2,3,2,2,2,6,2,3,3,5,3,5,1,1,2,6,3,5,1,2,6,2,2,2,1,2,7,1,3,6,2,2,6,3,2,5,3,6,2,0,0,0,0,1,0,1,0,-1,0,-3,1,-2,-1,-3,-3,1,3,3,3
1299,3,3,5,3,4,5,3,1,3,5,3,2,6,3,5,3,4,2,6,3,5,3,3,4,4,4,4,2,2,6,2,4,4,4,2,6,2,2,4,4,6,2,-1,0,0,1,0,1,1,-1,-3,-1,-2,1,1,2,-2,-3,3,2,2,3
6142,3,4,3,5,6,3,4,4,3,5,4,3,5,1,7,2,2,4,4,3,5,1,1,7,1,7,1,1,1,7,1,1,7,1,1,7,1,1,1,7,7,1,4,2,3,-4,-1,2,3,3,-4,3,-4,0,1,1,3,-4,4,4,-3,4
6562,3,2,4,4,1,6,4,1,4,4,2,7,1,1,7,5,1,7,1,6,2,1,5,7,1,1,1,1,1, , ,7,4,4,1,7,4,4,1,7,7,1,3,2,-3,-3,0,5,3,0, ,-5,3,0,1,-3,6,-1, ,-3,-6,1
8762,4,5,4,4,5,7,6,1,1,7,7,7,1,1,7,1,1,4,4,5,3,2,3,4,4,2,5,2,1,6,2,1,7,1,7,1,1,1,1,7,7,1,0,2,2,0,3,2,4,0,-5,6,0,-6,0,0,3,-2,5,0,-3,2
3330,3,4,5,3,4,2,1,3,4,4,4,6,2,2,6,2,3,5,3,6,2,1,1,7,1,4,7,1,1,7,1,1,7,1,1,7,1,1,1,7,7,1,2,2,3,-2,0,-5,0,2,-3,3,-1,1,1,2,4,-1,3,1,-4,1
7829,5,2,4,4,6,6,6,5,4,4,4,2,6,1,7,3,3,3,5,4,4,5,2,5,3,6,6,2,2,4,4,2,4,4,7,1,2,2,4,4,4,4,1,0,0,-1,0,0,4,3,0,2,-2,-6,1,1,-1,0,0,2,1,0
3788,1,3,4,4,7,3,4,2,4,4,5,7,1,1,7,1,2,2,6,4,4,4,4,4,4,4,4,4,4,4,4,4,4,4,4,4,4,4,4,4,4,4,0,-3,-1,0,3,-1,0,-2,0,1,3,-3,-3,-2,-2,0,0,-3,2,0
5627,2,3,5,3,5,6,4,3,3,5,4,6,2,1,7,2,2,4,4,4,4,2,2,6,2,4,5,2,2,6,2,2,6,2,1,7,1,2,5,3,6,2,1,0,1,-1,1,1,2,1,-3,2,0,0,1,0,-1,-2,3,0,1,2
3939,4,3,6,2,4,2,3,1,6,2,4,5,3,2,6,3,1,6,2,4,4,4,4,4,4,4,4,4,4,4,4,4,4,4,4,4,4,4,4,4,4,4,-2,0,-1,2,0,-2,-1,-3,2,0,1,-2,-1,-3,2,0,-2,-1,-2,0
4698,5,3,5,3,5,3,6,5,3,5,5,3,5,2,6,3,1,2,6,4,4,3,1,3,5,5,2,3,6,6,2,5,5,3,5,3,4,3,4,4,5,3,-2,2,2,2,0,1,3,-1,-3,0,-2,-3,-1,-2,-2,-1,3,2,2,1
9056,5,5,5,3,6,2,2,2,4,4,5,2,6,3,5,2,2,4,4,2,6,4,2,6,2,7,7,4,1,4,4,4,1,7,1,7,7,7,4,4,7,1,1,1,3,-1,-1,-5,-2,1,0,1,1,2,-5,-5,0,-5,0,-1,0,5
4476,1,2,2,6,3,1,2,2,6,2,1,7,1,2,6,1,3,4,4,5,3,1,1,7,1,7,7,1,1,7,1,1,4,4,7,1,1,5,4,4,7,1,5,0,1,-5,-4,-6,1,1,-1,0,3,-5,0,-2,0,-2,1,-3,0,2
2335,5,4,5,3,4,3,2,4,4,4,4,5,3,1,7,2,2,2,6,4,4,2,2,7,1,7,2,2,2,6,2,1,7,1,1,7,2,1,7,1,7,1,2,3,2,-2,-3,1,0,2,-2,3,-2,0,0,1,-5,-3,2,2,5,3
1718,5,3,4,4,1,1,2,2,5,3,5,3,5,2,6,3,5,5,3,4,4,2,2,5,3,1,3,2,4,5,3,1,6,2,7,1,1,1,7,1,6,2,1,3,1,-1,0,-2,0,-2,0,4,-3,-5,2,4,-2,-2,0,3,2,2
3711,3,2,7,1,4,2,2,3,5,3,2,6,2,7,1,1,1,6,2,5,3,1,1,7,1,4,4,1,1,7,1,1,5,3,1,7,1,3,7,1,7,1,0,2,1,0,0,-2,1,2,-2,1,1,6,0,-2,-1,-2,2,-1,1,2
3815,4,4,5,3,2,1,4,5,4,4,3,7,1,2,6,5,3,4,4,4,4,2,3,4,4,4,4,3,4,7,1,1,7,1,6,2,1,3,4,4,5,3,-1,2,1,1,-2,-3,1,1,-3,2,0,-4,4,0,0,-1,3,0,0,1
7542,3,2,4,4,1,2,5,2,2,6,5,2,6,2,6,3,2,6,2,5,3,2,1,1,7,7,7,1,1,7,1,5,5,3,1,7,1,1,7,1,7,1,-3,1,1,3,-6,-5,4,1,-5,0,-3,1,2,1,-1,-2,5,3,1,2
5791,5,4,6,2,7,5,5,3,4,4,4,5,3,3,5,2,2,4,4,5,3,3,3,7,1,4,5,3,1,6,2,4,3,5,1,7,1, ,4,4,5,3,1,2,1,-1,3,0,2,2,-2,0,2,2,1, ,0,0,2,-2,0,0
2766,3,3,5,3,4,2,2,2,4,4,3,7,1,3,5,2,2,5,3,6,2,3,1,4,4,5,4,2,1,5,3,3,4,4,3,5,2,2,6,2,6,2,-1,0,2,1,-1,-2,0,1,-1,0,3,0,0,0,-1,0,1,-3,1,0
8772,3,3,3,5,5,5,3,3,4,4,5,6,2,2,6,2,2,3,5,6,2,1,2,7,1,5,3,3,2,6,2,4,4,4,1,7,4,3,5,3,5,3,4,2,1,-4,0,2,0,1,-2,1,2,1,-2,-1,-2,1,2,-2,2,-1
7670,5,4,5,3,4,3,2,2,6,2,2,6,2,3,5,1,1,3,5,4,4,2,3,5,3,6,6,5,7,6,2,2,4,4,3,5,3,4,4,4,5,3,0,3,1,0,-2,-3,-3,-5,0,0,2,0,-2,-3,-1,-1,0,-2,1,1
8904,3,3,4,4,3,2,2,2,6,2,2,5,3,2,6,2,2,1,7,5,3,1,3,7,1,4,2,2,2,7,1,2,5,3,2,6,2,2,6,2,7,1,3,2,0,-3,-1,0,0,0,-1,0,0,0,0,0,-5,-2,1,0,5,2
9287,4,3,4,4,6,3,4,2,4,4,3,5,3,4,4,6,2,3,5,5,3,1,1,7,1,5,5,2,2,6,2,1,3,5,1,7,1,2,6,2,6,2,3,3,2,-3,1,-2,2,0,-2,2,2,3,5,0,-3,-1,2,-2,3,1
321,3,3,5,3,2,3,3,3,5,3,3,5,3,1,7,2,2,5,3,5,3,3,2,6,2,6,6,2,3,2,6,2,6,2,7,1,2,2,2,6,5,3,1,0,1,-1,-4,-3,1,0,3,1,-1,-6,0,0,3,0,-3,1,-3,0
3323,2,4,5,3,6,4,5,2,4,4,6,3,5,3,5,2,2,3,5,4,4,4,2,5,3,5,2,3,2,6,2,4,6,2,6,2,1,1,5,3,6,2,0,-2,2,0,1,2,2,0,-2,2,-3,-3,1,1,-2,-2,2,3,2,2
4042,5,2,4,4,4,5,2,3,4,4,5,3,5,3,5,5,5,2,6,3,5,2,2,7,1,1,7,2,6,6,2,2,2,6,1,7,7,7,6,2,7,1,3,3,0,-3,3,-2,0,-3,-2,3,1,2,-2,-2,-4,-4,2,-1,4,4
4724,3,3,5,3,4,2,2,2,5,3,3,3,5,2,6,6,4,5,3,4,4,1,3,6,2,1,4,1,4,7,1,2,6,2,1,7,1,1,7,1,7,1,1,2,0,-1,3,-2,1,-2,-2,1,-3,1,5,3,-2,-3,2,3,2,3
8343,2,6,6,2,4,3,3,3,5,3,6,6,2,2,6,2,2,6,2,5,3,2,3,5,3,5,5,2,4,5,3,6,4,4,1,7,4,4,4,4,6,2,-1,0,3,1,-1,-2,1,-1,0,0,2,1,-2,-2,2,-1,0,-2,-2,1
111,2,2,5,3,6,2,2,2,6,2,3,4,4,3,5,6,4,5,3,1,7,1,1,6,2,6,2,2,2,5,3,4,3,5,3,5,6,4,6,2,1,7,1,1,1,-1,0,0,0,0,1,-1,1,0,0,0,-1,0,-1,-1,1,0
7002,4,3,5,3,3,3,3,3,5,3,4,4,4,1,7,1,1,3,5,5,3,7,1,7,1,7,1,7,1,7,1,4,4,4,1,7,4,4,7,1,7,1,2,-3,2,-2,-4,2,-4,2,-2,0,0,0,-3,-3,-4,-2,2,0,4,2
1067,4,5,4,4,6,5,4,3,4,4,4,5,3,2,6,2,2,4,4,4,4,3,3,4,4,4,2,3,2,4,4,3,4,4,2,6,2,2,4,4,4,4,0,1,2,0,2,3,1,1,0,1,1,0,0,0,0,0,0,-1,0,0
4981,4,3,5,3,1,1,1,4,4,4,4,7,1,2,6,3,2,4,4,4,4,3,3,7,1,5,5,2,4,4,4,2,4,4,7,1,4,3,4,4,6,2,2,1,0,-2,-4,-4,-1,0,0,2,3,-5,-1,-1,0,-2,0,-3,0,2
6563,7,7,3,5,7,6,6,4,2,6,7,3,5,3,5,2,2,2,6,1,7,6,4,7,1,4,7,1,7,1,7,4,4,4,6,2,5,5,5,3,3,5,4,1,3,-4,3,-1,5,-3,1,3,-1,-3,-3,-3,-3,-2,-1,1,3,2
8773,4,2,5,3,3,1,1,3,2,6,4,7,1,1,7,3,2,4,4,4,4,4,4,4,4,4,4,4,4,4,4,4,4,4,4,4,4,4,4,4,4,4,-1,0,-2,1,-1,-3,-3,-1,-2,0,3,-3,-1,-2,0,0,2,-3,0,0
867,5,4,6,2,4,3,3,4,4,4,3,4,4,1,7,1,1,3,5,4,4,4,3,4,4,4,5,2,4,5,3,4,4,4,2,6,4,4,4,4,5,3,-2,1,1,2,0,-2,1,0,-1,-1,0,-1,-3,-3,-1,-1,1,0,1,1
36,3,2,7,1,3,2,2,2,6,2,1,7,1,1,7,2,3,4,4,6,2,2,2,4,4,1,1,1,2,7,1,3,7,1,1,7, ,5,5,3,5,3,-3,1,0,3,2,1,1,0,-1,-2,0,0, ,-2,-1,1,1,0,1,-1
3008,2,3,4,4,3,1,2,2,4,4,4,6,2,2,6,3,2,6,2,4,4,2,1,7,1,7,7,1,1,7,1,4,4,4,2,6,4,7,4,4,7,1,3,0,2,-3,-4,-6,1,1,-3,0,2,0,-1,-5,2,-3,3,-2,-2,3
5425,7,1,5,3,2,3,3,2,1,7,5,1,7,2,6,2,1,5,3,1,7,4,2,4,4,4,4,3,3,5,3,4,4,4,1,7,1,1,1,7,7,1,-1,3,-1,1,-2,-1,0,-1,-4,1,-3,1,1,0,4,-6,4,3,-4,6
7973,4,4,4,4,4,4,5,4,4,4,5,4,4,4,4,4,3,4,4,4,4,2,4,6,2,3,3,3,3,5,3,4,4,4,2,6,2,2,5,3,5,3,2,2,0,-2,1,1,2,1,-1,1,0,2,2,1,-1,-1,1,0,1,1
8339,6,1,3,5,7,5,3,2,2,6,7,1,7,1,7,1,1,2,6,1,7,1,1,6,2,5,2,2,1,7,1,2,4,4,1,7,2,1,7,1,6,2,3,5,0,-3,2,3,1,1,-5,5,-3,0,-1,0,-5,-5,5,3,5,5
3633,2,2,4,4,3,1,1,3,6,2,4,3,5,2,6,4,4,2,6,4,4,2,2,6,2,4,7,1,1,7,1,4,7,1,1,7,7,7,7,1,7,1,2,0,0,-2,-1,-6,0,2,-1,0,-4,1,-3,-3,-5,-3,1,4,5,3
6786,5,4,6,2,4,4,3,3,3,5,4,4,4,1,7,4,4,4,4,3,5,5,5,7,1,4,3,2,4,4,4,2,5,3,2,6,2,3,4,4,7,1,1,0,-1,-1,0,1,1,-1,-1,2,-1,-1,2,1,0,-4,1,1,0,4
3186,5,2,6,2,4,3,2,4,4,4,3,6,2,1,7,3,3,4,4,4,4,4,3,5,3,3,5,2,2,3,5,2,4,4,1,7,3,3,4,4,5,3,-1,1,-1,1,1,-2,0,2,1,1,2,0,0,0,0,-1,-1,-2,0,1
27,1,3,7,1,4,2,2,1,6,2,3,5,3,1,7,5,2,6,2,7,1,1,1,5,3,2,1,2,1,3,5,7,4,4,1,7,1,1,7,1,7,1,-2,0,2,2,2,1,0,0,3,-4,1,0,4,1,-1,0,-3,-1,1,0
940,3,5,2,6,1,7,6,4,7,1,1,7,1,1,7,1,1,1,7,6,2,1,2,7,1,5,7,1,1,7,1,1,7,1,1,7,1,1,7,1,7,1,5,2,3,-5,-4,0,5,3,0,0,0,0,0,0,-6,-1,0,0,6,1
5991,4,5,5,3,2,6,6,3,5,3,6,4,4,2,6,5,6,5,3,6,2,1,2,7,1,5,6,3,5,5,3,2,3,5,1,7,7,2,4,4,7,1,2,3,3,-2,-3,0,3,-2,0,4,1,1,-2,4,1,-1,0,-1,-1,1
7827,5,4,3,5,5,5,5,3,3,5,6,5,3,3,5,2,3,3,5,3,5,5,3,5,3,6,3,2,2,6,2,2,5,3,6,2,5, ,6,2,5,3,2,0,1,-2,-1,2,3,1,-3,4,0,-3,-3, ,-3,-2,3,0,3,2
4493,3,4,6,2,6,2,2,3,4,4,5,6,2,1,7,1,1,4,4,5,3,2,2,7,1,4,1,1,1,6,2,3,7,1,1,7,1,1,4,4,6,2,1,1,2,-1,2,1,1,2,-2,2,-1,0,0,0,0,-1,2,1,0,1
5795,4,3,5,3,4,2,2,2,6,2,2,6,2,2,6,2,2,3,5,5,3,4,1,7,1,5,3,2,3,6,2,5,2,6,3,5,5,2,4,4,5,3,2,0,2,-2,-1,-1,0,-1,0,-3,4,-1,-3,0,-1,0,0,-4,1,0
5197,4,3,4,4,5,4,4,2,4,4,3,3,5,3,5,2,2,4,4,4,4,2,1,4,4,3,3,1,4,4,4,4,7,1,7,1,6,3,7,1,7,1,0,2,2,0,2,1,3,-2,0,-1,-4,-4,-4,-1,-3,-3,0,4,3,3
3387,4,4,5,3,6,6,6,5,5,3,6,4,4,3,5,3,3,6,2,5,3,4,4,4,4,4,4,4,4,4,4,4,4,4,4,4,4,4,4,4,4,4,-1,0,0,1,2,2,2,1,1,2,0,-1,-1,-1,2,1,-1,0,-2,-1
25,4,3,5,3,2,3,2,3,1,7,7,6,2,2,6,5,4,3,5,4,4,3,3,6,2,6,6,2,3,6,2,1,7,1,1,7,7,7,7,1,4,4,1,1,0,-1,-4,-3,0,0,-5,6,-1,1,-2,-3,-4,0,5,1,4,0
189,3,2,4,4,6,2,2,2,6,2,2,5,3,2,6,3,3,5,3,6,2,2,1,1,7,7,3,2,2,6,2,3,6,2,7,1,4,4,4,4,4,4,-3,1,1,3,-1,-1,0,0,0,-1,-1,-5,-1,-1,1,2,0,1,-1,-2
288,4,2,3,5,7,4,4,5,4,4,4,7,1,3,5,1,4,1,7,4,4,2,2,6,2,6,2,2,2,6,2,2,6,2,6,2,2,2,6,2,6,2,3,2,0,-3,1,2,2,3,-2,2,1,-3,-1,2,-5,-2,2,-1,5,2
589,6,4,3,5,6,7,6,1,5,3,7,4,4,2,6,5,1,1,7,4,4,3,4,7,1,7,5,1,5,5,3,6,4,4,1,7,3,1,4,4,4,4,4,3,0,-4,-1,2,5,-4,0,1,0,1,2,0,-3,0,0,0,3,0
1205,2,3,6,2,5,2,2,2,5,3,4,6,2,1,7,2,2,5,3,6,2,2,1,7,1,6,1,1,1,7,1,2,7,1,1,7,4,4,6,2,7,1,1,0,2,-1,-1,1,1,1,-2,2,-1,0,-2,-2,-1,-1,2,1,1,1
1514,3,2,6,2,5,2,3,2,4,4,4,6,2,3,5,4,1,3,5,4,4,1,2,7,1,3,2,1,1,6,2,1,4,4,1,7,1,1,7,1,6,2,1,2,0,-1,2,0,2,1,-2,3,2,2,3,0,-4,-2,2,-2,4,2
1632,4,3,4,4,6,5,3,3, , ,4,5,3,2,6,4,3,4,4,4,4,4,3,6,2, ,2,1,2,3,5,4,6,2,2,6,4,4,5,3,4,4,2,0,0,-2, ,3,2,1, ,0,-1,0,0,-1,-1,0, ,1,1,0
1692,4,3,3,5,4,4,5,4,2,6,4,3,5,4,4,2,2,4,4,2,6,4,3,5,3,4,3,3,3,5,3,2,4,4,7,1,2,2,4,4,5,3,2,0,0,-2,0,1,2,1,-3,2,-1,-3,0,0,0,-3,3,1,0,3
2068,5,4,4,4,6,3,5,6,1,7,5,3,5,6,2,4,4,4,4,3,5,4,2,2,6,7,5,2,2,2,6,3,5,3,6,2,7,4,4,4,6,2,-2,1,2,2,-1,-2,3,4,-1,2,-2,0,-3,0,0,-3,1,2,0,3
2167,3,6,4,4,3,5,5,2,4,4,6,6,2,3,5,4,4, , ,5,3,2,2,6,2,3,4,2,2,6,2,3,7,1,2,6,4,4,6,2,6,2,2,1,4,-2,0,1,3,0,-2,3,-1,1,0,0, ,-1,2,1, ,1
2477,2,3,4,4,5,5,4,2,7,1,2,5,3,1,7,3,2,4,4,6,2,1,2,7,1,3,2,3,2,7,1,4,3,5,1,7,1,3,7,1,7,1,3,1,1,-3,2,3,1,0,0,-2,2,0,2,-1,-3,-1,0,-2,3,1
2510,1,1,6,2,4,4,1,1,5,3,4,4,4,1,7,4,1,6,2,7,1,2,1,7,1,1,1,1,1,6,2,4,4,4,1,7,1,1,7,1,7,1,1,-1,0,-1,3,3,0,0,-1,0,0,0,3,0,-1,0,1,0,1,0
2575,2,3,5,3,6,6,6,3,7,1,2,7,1,1,7,1,1,1,7,5,3,2,2,6,2,3,4,2,4,6,2,2,6,2,2,6,4,3,6,2,6,2,1,0,1,-1,3,2,4,-1,1,0,1,-1,-3,-2,-5,-1,-1,-1,5,1
2645,3,3,5,3,3,2,3,2,5,3,4,3,5,2,6,3,2,4,4,4,4,1,1,7,1,4,1,1,1,7,1,1,6,2,1,7,1,1,4,4,7,1,2,2,2,-2,-1,1,2,1,-2,3,-3,1,2,1,0,-3,2,3,0,3
3090,3,4,5,3,5,5,6,3,4,4,4,4,4,3,5,3,2,4,4,4,4,3,3,6,2,5,4,3,4,5,3,4,5,3,2,6,3,2,5,3,6,2,1,0,1,-1,0,1,3,-1,-1,0,-1,1,0,0,-1,-2,1,1,1,2
3113,3,5,6,2,2,1,1,2,6,2,3,6,2,1,7,2,2,6,2,6,2,2,2,6,2,2,1,1,2,6,2,2,5,3,4,4,2,2,6,2,6,2,0,1,3,0,0,0,0,0,0,1,1,-3,0,0,0,0,0,-1,0,0
3261,3,5,2,6,6,4,2,2,1,7,6,4,4,3,5,6,6,4,4,4,4,1,1,7,1,2,6,4,6,7,1,4,7,1,1,7,1,1,5,3,7,1,5,2,4,-5,4,-2,-2,-4,-6,2,-3,2,5,5,-1,-3,6,3,1,3
3337,2,2,7,1,2,1,1,1,4,4,2,3,5,4,4,1,1,4,4,5,3,1,1,7,1,7,7,1,1,7,1,1,4,4,7,1,3,1,4,4,6,2,0,1,1,0,-5,-6,0,0,-3,1,-1,-3,-2,0,0,-1,3,1,0,1
3470,4,4,3,5,5,3,5,3,4,4,5,6,2,2,6,2,2,4,4,3,5,2,3,5,3,5,6,3,3,4,4,3,6,2,2,6,1,1,6,2,4,4,2,2,1,-2,0,-3,2,0,0,2,0,0,1,1,-2,-1,0,0,2,1
3877,2,2,4,4,4,4,3,2,2,6,5,5,3,4,4,2,2,2,6,1,7,3,1,7,1,7,7,1,1,7,1,1,4,4,7,1,1,1,1,7,7,1,3,-1,1,-3,-3,-3,2,1,-5,4,1,-3,1,1,1,-6,5,-1,-1,6
3979,2,1,4,4,6,3,3,2,4,4,1,4,4,1,7,5,4,6,2,4,4,1,3,6,2,4,4,1,2,6,2,1,2,6,7,1,4,4,6,2,7,1,2,1,-2,-2,2,-1,2,0,-2,0,2,-6,1,0,0,-3,2,-2,0,3
4035,2,3,5,3,2,3,2,2,5,3,4,7,1,1,7,3,3,5,3,4,4,3,1,6,2,7,7,2,1,6,2,2,7,1,4,4,2,3,5,3,6,2,1,-1,2,-1,-5,-4,0,1,-1,2,0,-3,1,0,0,-2,1,0,0,2
4096,2,4,4,4,6,4,5,3,4,4,5,3,5,2,6,2,3,4,4,4,4,3,2,6,2,6,4,3,2,4,4,4,4,4,2,6,2,2,4,4,4,4,2,-1,2,-2,0,0,2,1,0,1,-1,0,0,1,0,0,0,1,0,0
4109,3,3,6,2,4,5,2,3,2,6,7,2,6,2,6,1,1,2,6,4,4,2,3,6,2,5,5,3,2,2,6,7,6,2,2,6,1,1,2,6,3,5,0,1,0,0,-1,0,-1,1,0,0,-4,0,0,0,0,1,0,4,0,-1
4557,3,3,5,3,2,1,2,2,6,2,4,4,4,7,1,4,2,6,2,6,2,3,3,5,3,1, ,1,1,5,3,1,7,1,7,1,2,2,5,3,5,3,0,0,0,0,1, ,1,1,1,3,-3,0,2,0,1,1,-1,3,-1,-1
4675,2,2,5,3,6,3,3,2,4,4,3,6,2,4,4,2,2,3,5,3,5,4,1,6,2,5,2,3,4,5,3,2,5,3,4,4,4,4,4,4,4,4,1,-2,1,-1,1,1,0,-2,-1,1,1,0,-2,-2,-1,-1,1,-1,1,1
4890,3,2,5,3,4,4,2,3,4,4,6,5,3,2,6,2,3,6,2,5,3,3,1,3,5,1,2,1,2,6,2,2,7,1,1,7,7,7,7,1,6,2,-2,0,1,2,3,2,1,1,-2,4,-2,1,-5,-4,-1,-1,2,2,1,1
4926,5,3,6,2,6,3,3,5,7,1,5,4,4,4,4,2,1,2,6,5,3,2,1,7,1,7,1,1,1,7,1,4,7,1,1,7,1,4,6,2,5,3,1,3,2,-1,-1,2,2,4,0,1,-3,3,1,-3,-4,0,0,3,4,0
5057,5,2,4,4,2,2,3,2,5,3,3,2,6,3,5,2,6,4,4,3,5,3,5,2,6,2,4,2,4,1,7,2,3,5,1,7,5,4,4,4,5,3,-2,2,-3,2,0,-2,1,-2,4,1,-1,2,-3,2,0,-2,-4,1,0,2
5067,2,3,7,1,4, ,1,3,5,3,6,6,2,2,6,2,2,5,3,4,4,1,1,5,3,3,5,6,4,7,1,7,5,3,1,7,2,2,6,2,7,1,-2,1,2,2,1, ,-5,-1,-2,-1,1,1,0,0,-1,-3,2,-1,1,3
5773,5,4,5,3,3,3,3,4,3,5,6,4,4,4,4,3,3,3,5,3,5,4,4,4,4,4,4,4,4,4,4,4,4,4,4,4,4,4,4,4,4,4,-1,1,0,1,-1,-1,-1,0,-1,2,0,0,-1,-1,-1,-1,1,0,1,1
5802,2,2,4,4,6,7,4,3,4,4,3,5,3,1,7,2,4,4,4,5,3,2,2,6,2,4,2,2,2,7,1,1,5,3,1,7,1,1,6,2,7,1,2,0,0,-2,2,5,2,1,-3,2,0,0,1,3,-2,-2,3,0,2,2
5966,4,3,5,3,3,1,4,3,5,3,4,4,4,1,7,3,3,3,5,6,2,5,2,6,2,1,5,1,5,7,1,6,3,5,1,7,5,5,5,3,7,1,1,-1,1,-1,2,-4,3,-2,-2,-2,1,0,-2,-2,-2,-1,2,-1,2,1
6497,3,3,6,2,3,3,3,3,5,3,4,6,2,4,4,4,4,6,2,6,2,1,1,7,1,2,1,1,1,7,1,1,7,1,1,7,1,1,7,1,7,1,1,2,2,-1,1,2,2,2,-2,3,-1,3,3,3,-1,-1,2,1,1,1
7385,2,2,3,5,3,5,4,3,3,5,2,2,6,2,6,3,3,4,4,2,6,4,4,4,4,4,4,4,4,4,4,4,4,4,4,4,4,4,4,4,4,4,1,-2,-2,-1,-1,1,0,-1,-1,-2,-2,-2,-1,-1,0,-2,1,2,0,2
7804,2,2,5,3,3,1,2,1,6,2,3,6,2,1,7,2,2,2,6,5,3,2,2,5,3,3,1,2,1,5,3,4,6,2,1,7,2,2,2,6,5,3,0,0,0,0,0,0,0,0,1,-1,0,0,0,0,0,0,-1,0,0,0
8098,5,4,3,5,5,5,4,2,5,3,3,3,5,2,6,2,2,4,4,2,6,4,4,4,4,4,4,4,4,4,4,4,4,4,4,4,4,4,4,4,4,4,1,1,0,-1,1,1,0,-2,1,-1,-1,-2,-2,-2,0,-2,-1,1,0,2
8253,2,2,4,4,4,5,4,3,5,3,7,4,4,2,6,1,1,1,7,3,5,4,4,4,4,4,4,4,4,4,4,4,4,4,4,4,4,4,4,4,4,4,0,-2,-2,0,0,1,0,-1,1,3,0,-2,-3,-3,-3,-1,-1,0,3,1
8389,3,1,4,4,2,2,1,1,6,2,1,7,1,1,7,3,2,2,6,5,3,1,1,7,1,4,7,5,1,7,1,5,4,4,1,7,5,2,4,4,7,1,3,2,0,-3,-2,-5,-4,0,-1,-4,3,0,-2,0,-2,-2,1,-3,2,2
8496,4,5,3,5,6,3,7,4,4,4,4,7,1,2,6,4,1,5,3,4,4,4,2,5,3,3,5,1,4,5,3,1,4,4,6,2,2,1,5,3,5,3,2,0,3,-2,3,-2,6,0,-1,3,3,-4,2,0,0,-1,1,-3,0,1
8650,3,4,3,5,5,5,5,5,3,5,4,5,3,2,6,2,3,4,4,3,5,4,3,5,3,5,5,3,2,6,2,3,5,3,3,5,3,3,5,3,5,3,2,-1,1,-2,0,0,2,3,-3,1,0,-1,-1,0,-1,-2,3,0,1,2
9019,2,3,5,3,4,4,5,2,5,3,3,6,2,1,7,3,2,6,2,6,2,1,1,7,1,4, ,7,3,7,1,2,4,4,3,5,4,3,7,1,7,1,2,1,2,-2,0, ,-2,-1,-2,1,2,-2,-1,-1,-1,-1,2,-2,1,1
9126,3,4,6,2,4,2,3,2,3,5,4,7,1,1,7,2,2,4,4,4,4,1,1,7,1,6,7,2,1,4,4,1,7,1,1,7,1,1,4,4,7,1,1,2,3,-1,-2,-5,1,1,-1,3,0,0,1,1,0,-3,1,0,0,3
9325,3,5,4,4,3,2,3,4,5,3,5,6,2,1,7,2,2,6,2,5,3,1,1,7,1,3,5,1,5,7,1,1,7,1,1,7,3,3,5,3,7,1,3,2,4,-3,0,-3,2,-1,-2,4,-1,0,-1,-1,1,-2,2,1,-1,2
3227,2,3,7,1,4,3,4,1,5,3,4,6,2,1,7,5,2,4,4,4,4,1,1,7,1,4,6,2,1,7,1,2,4,4,1,7,3,3,6,2,7,1,0,1,2,0,0,-3,2,0,-2,2,2,0,2,-1,-2,-3,2,-2,2,3
4860,2,6,4,4,1,5,4,2,5,3,4,2,6,2,6,3,2,2,6,4,4,1,1,7,1,1,1,1,1,7,1,1,7,1,1,7,1,1,7,1,7,1,3,1,5,-3,0,4,3,1,-2,3,-5,1,2,1,-5,-3,2,5,5,3
3742,6,5,4,4,6,6,5,4,3,5,4,5,3,3,5,1,3,3,5,4,4,4,3,2,6,6,5,3,1,4,4,5,4,4,6,2,1,2,3,5,4,4,-2,2,2,2,0,1,2,3,-1,-1,1,-3,0,1,0,0,1,-1,0,0
4692,2,1,7,1,5,5,6,1,7,1,4,4,4,2,6,2,1,2,6,6,2,1,1,7,1,5,6,3,1,7,1,2,5,3,1,7,1,1,1,7,7,1,0,1,0,0,0,-1,3,0,0,2,-1,1,1,0,1,-1,0,1,-1,1
6163,5,6,2,6,6,7,6,5,4,4,3,6,2,5,3,2,3,2,6,4,4,4,3,4,4,6,6,5,2, , ,2,5,3,6,2,3,2,3,5,6,2,2,1,3,-2,0,1,1,3, ,1,1,-1,-1,1,-1,-2, ,-1,1,2
6112,1,1,6,2,7,6,4,3,4,4,4,4,4,1,7,1,1,1,7,4,4,1,1,6,2,7,4,4,3,4,4,4,4,4,1,7,1,1,4,4,4,4,0,0,0,0,0,2,0,0,0,0,0,0,0,0,-3,0,0,0,3,0
7413,5,3,2,6,2,3,2,1,6,2,3,6,2,4,4,4,3,2,6,2,6,3,3,6,2,4,4,4,4,7,1,7,6,2,7,1,1,1,4,4,7,1,4,2,0,-4,-2,-1,-2,-3,-1,-4,0,-3,3,2,-2,-5,1,0,2,5
6509,1,2,6,2,6,6,2,3,7,1,2,4,4,5,3,6,2,3,5,6,2,3,2,3,5,3,1,1,1,5,3,5,7,1,3,5,4,4,6,2,5,3,-3,-2,0,3,3,5,1,2,2,-3,-3,2,2,-2,-3,1,-2,3,3,-1
6934,4,5,6,2,4,2,3,3,5,3,2,4,4,3,5,2,2,5,3,5,3,1,2,7,1,7,5,2,2,4,4,2,4,4,1,7,6,4,6,2,7,1,1,3,3,-1,-3,-3,1,1,1,0,0,2,-4,-2,-1,-2,-1,0,1,2
4802,1,1,7,1,3,3,4,1,5,3,6,2,6,2,6,2,1,4,4,5,3,1,1,7,1,1,1,1,1,7,1,1,7,1,1,7,1,1,7,1,7,1,0,0,0,0,2,2,3,0,-2,5,-5,1,1,0,-3,-2,2,5,3,2
5784,5,5,3,5,6,6,6,6,4,4,5,5,3,2,6,1,2,1,7,4,4,1,1,7,1,2,1,1,1,7,1,2,5,3,1,7,1,1,7,1,7,1,4,4,4,-4,4,5,5,5,-3,3,0,1,0,1,-6,-3,3,0,6,3
8771,3,4,5,3,3,2,4,2,5,3,5,3,5,4,4,3,4,2,6,5,3,2,2,6,2,4,5,3,2,5,3,2,4,4,6,2,1,1,5,3,5,3,1,1,2,-1,-1,-3,1,0,0,3,-1,-2,2,3,-3,0,0,1,3,0
4012,4,4,5,3,3,2,4,4,4,4,4,4,4,3,5,4,4,4,4,4,4,4,4,4,4,4,4,4,4,4,4,4,4,4,4,4,4,4,4,4,4,4,-1,0,0,1,-1,-2,0,0,0,0,0,-1,0,0,0,0,0,0,0,0
4837,2,2,4,4,5,4,5,3,3,5,4,3,5,1,7,2,2,4,4,5,3,4,3,7,1,3,1,1,3,6,2,2,5,3,1,7,2,1,4,4,6,2,3,-2,-1,-3,2,3,4,0,-3,2,-2,0,0,1,0,-1,3,2,0,1
7923,5,5,3,5,4,5,5,3,2,6,5,4,4,2,6,1,2,4,4,4,4,2,3,6,2,4,3,1,3,6,2,3,4,4,1,7,3,3,4,4,7,1,3,3,2,-3,0,2,4,0,-4,2,0,1,-2,-1,0,-3,4,0,0,3
5004,4,3,5,3,5,2,3,2,6,2,2,6,2,2,6,2,2,4,4,5,3,2,2,7,1,5,1,1,1,7,1,1,6,2,7,1,1,1,5,3,6,2,2,2,1,-2,0,1,2,1,-1,1,0,-5,1,1,-1,-1,1,0,1,1
8663,4,6,4,4,2,6,7,5,3,5,6,2,6,5,3,1,3,6,2,3,5,1,2,7,1,1,5,2,4,4,4,1,5,3,1,7,2,2,4,4,6,2,3,3,4,-3,1,1,5,1,-1,5,-3,4,-1,1,2,-3,1,3,-2,3
4612,4,3,6,2,3,2,2,2,3,5,1,4,4,2,6,3,2,4,4,5,3,3,2,6,2,4,5,1,4,4,4,3,4,4,7,1,5,5,4,4,5,3,0,1,1,0,-1,-3,1,-2,-1,-2,0,-5,-2,-3,0,0,1,0,0,0
5643,3,2,6,2,7,5,4,2,4,4,3,4,4,3,5,3,2,4,4,5,3,3,1,6,2,7,6,4,1,4,4,4,3,5,2,6,5,4,5,3,6,2,0,0,1,0,0,-1,0,1,0,-1,1,1,-2,-2,-1,-1,0,-1,1,1
7965,3,3,5,3,3,2,2,4,4,4,2,5,3,2,6,3,3,5,3,5,3,2,2,6,2,2,2,2,2,6,2,2,6,2,2,6,2,2,6,2,6,2,1,1,1,-1,1,0,0,2,-2,0,-1,0,1,1,-1,-1,2,1,1,1
237,5,2,6,2,4,5,3,1,3,5,3,2,6,5,3,2,2,3,5,3,5,1,1,6,2,7,7,2,1,7,1,1,2,6,4,4,1,1,6,2,7,1,0,4,1,0,-3,-2,1,0,-4,2,0,1,1,1,-3,-4,4,0,3,4
946,5,3,1,7,7,1,3,3,4,4,3,2,6,3,5,2,2,3,5,4,4,1,1,7,1,3,5,3,2,6,2,4,7,1,2,6,7,5,4,4,7,1,6,4,2,-6,4,-4,0,1,-2,-1,-5,1,-5,-3,-1,-3,2,5,1,3
4962,5,4,3,5,2,2,4,2,5,3,5,4,4,2,6,2,2,2,6,5,3,3,3,6,2,6,4,2,2,6,2,1,6,2,6,2,2,2,5,3,6,2,3,2,1,-3,-4,-2,2,0,-1,4,-2,-4,0,0,-3,-1,1,2,3,1
5150,3,5,4,4,2,2,2,2,5,3,6,5,3,1,7,2,2,4,4,5,3,1,6,5,3,3,2,2,2,5,3,6,6,2,1,7,2,2,7,1,7,1,1,2,-1,-1,-1,0,0,0,0,0,-1,0,0,0,-3,-2,0,1,3,2
5532,4,5,3,5,6,2,4,6,5,3,5,2,6,1,7,2,2,6,2,4,4,2,4,4,4,4,4,4,4,4,4,4,4,4,4,4,4,4,4,4,4,4,1,2,1,-1,2,-2,0,2,1,1,-2,-3,-2,-2,2,0,-1,2,-2,0
6115,3,3,6,2,6,4,3,3,6,2,5,7,1,1,7,1,1,2,6,4,4,4,4,4,4,4,4,4,4,4,4,4,4,4,1,7,4,4,4,4,7,1,-2,-1,-1,2,2,0,-1,-1,2,1,3,0,-3,-3,-2,-3,-2,-3,2,3
7267,4,3,4,4,4,3,4,5,4,4,3,6,2,2,6,2,2,4,4,6,2,1,2,1,7,1,1,1,1,7,1,4,7,1,1,7,4,1,1,7,7,1,-3,3,1,3,3,2,3,4,-3,-1,-1,1,-2,1,3,-1,3,1,-3,1
356,5,4,3,5,7,7,7,7,1,7,4,2,6,3,5,2,4,1,7,1,7,1,3,4,4,5,5,2,3,6,2,1,7,1,7,1,4,4,7,1,7,1,1,4,1,-1,2,2,5,4,-5,3,-5,-4,-2,0,-6,-6,5,5,6,6
5799,5,5,5,3,6,6,6,3,4,4,4,6,2,4,4,6,6,5,3,4,4,1,3,5,3,4,6,3,3,5,3,3,5,3,2,6,3,4,6,2,6,2,0,4,2,0,2,0,3,0,-1,1,1,2,3,2,-1,-2,1,-1,1,2
7388,5,4,3,5,5,1,2,2,5,3,4,7,1,2,6,1,1,2,6,4,4,5,1,1,7,1,1,1,1,7,1,6,7,1,2,6,4,4,1,7,6,2,-2,0,3,2,4,0,1,1,-2,-2,0,0,-3,-3,1,-2,2,0,-1,2
236,5,2,4,4,6,6,4,4,3,5,3,4,4,1,7,1,3,2,6,4,4,1,2,6,2,5,3,2,1,7,1,3,3,5,6,2,6,4,6,2,7,1,2,4,0,-2,1,3,2,3,-4,0,1,-5,-5,-1,-4,-3,4,-1,4,3
4681,2,2,5,3,4,2,3,2,5,3,2,6,2,1,7,2,2,6,2,6,2,1,1,7,1,1,1,1,2,7,1,3,6,2,1,7,3,4,7,1,7,1,2,1,1,-2,3,1,2,0,-2,-1,0,0,-1,-2,-1,-1,2,0,1,1
5149, ,4,6,2,6,1,6,5,5,3,4,5,3,1,7,4,1,5,3,5,3,2,3,6,2,4,5,3,5,6,2,2,5,3,1,7,3,2,6,2,7,1,0, ,1,0,2,-4,3,0,-1,2,0,0,1,-1,-1,-2,1,0,1,2
4551,4,2,3,5,3,3,3,2,6,2,3,6,2,1,7,2,1,3,5,4,4,4,3,3,5,2,2,3,3,3,5,3,5,3,5,3,3,3,4,4,6,2,0,0,-1,0,1,1,0,-1,3,0,1,-4,-1,-2,-1,-2,-3,-1,1,2
7111,5,3,6,2,2,7,1,7,1,7,1,2,6,3,5,4,1,7,1,3,5,2,2,6,2,3,4,1,7,7,1,1,4,4,2,6,4,4,6,2,7,1,0,3,1,0,-1,3,0,0,-6,0,-2,1,0,-3,1,-4,6,2,-1,4
9164,3,2,6,2,7,6,1,1,3,5,4,6,2,1,7,1,1,3,5,5,3,1,3,5,3,2,1,1,1,6,2,3,4,4,1,7,1,1,4,4,6,2,-1,2,-1,1,5,5,0,0,-3,1,2,0,0,0,-1,-1,3,-2,1,1
1277,5,3,2,6,6,4,5,7,4,4,6,5,3,3,5,3,2,2,6,5,3,3,2,6,2,4,4,2,4,3,5,1,4,4,7,1,1,1,6,2,6,2,4,2,1,-4,2,0,3,3,1,5,1,-4,2,1,-4,-1,-1,-1,4,1
1457, ,1,6,2,4,4,4,2,4,4,3,4,4,4,4,2,1,3,5,4,4,3,1,7,1,4,4,1,1,4,4,1,4,4,7,1,1,1,7,1,7,1,1, ,0,-1,0,0,3,1,0,2,0,-3,1,0,-4,-3,0,0,4,3
1552,6,6,7,1,3,3,4,2,5,3,5,5,3,6,2,1,1,7,1,5,3,2,2,6,2,6,2,2,2,6,2,2,7,1,1,7,1,1,7,1,6,2,-1,4,4,1,-3,1,2,0,-1,3,-2,5,0,0,0,-1,1,2,0,1
3716,6,6,4,4,7,6,5,4,6,2,6,5,3,4,4,4,2,4,4,3,5,1,3,6,2,2,2,2,2,7,1,1,7,1,7,1,1,1,4,4,7,1,2,5,3,-2,5,4,3,2,-1,5,-2,-3,3,1,0,-4,1,2,0,4
4087,3,3,6,2,4,2,3,2,6,2,2,6,2,2,6,2,2,6,2,5,3,4,4,4,4,4,4,4,4,4,4,4,4,4,4,4,4,4,4,4,4,4,-2,-1,-1,2,0,-2,-1,-2,2,-2,2,-2,-2,-2,2,1,-2,-2,-2,-1
4111,3,5,4,4,6,3,4,3,4,4,4,6,2,1,7,3,4,1,7,4,4,4,1,6,2,7,4,1,1,4,4,3,7,1,1,7,3,4,2,6,7,1,2,-1,4,-2,-1,-1,3,2,0,1,-1,0,0,0,-1,-3,0,1,1,3
6311,2,2,5,3,2,3,3,4,4,4,4,6,2,3,5,3,2,4,4,5,3,1,1,7,1,2,1,1,1,7,1,1,7,1,1,7,1,1,7,1,7,1,2,1,1,-2,0,2,2,3,-3,3,-1,2,2,1,-3,-2,3,1,3,2
9137,4,2,5,3,1,1,1,1,4,4,4,7,1,4,4,4,4,4,4,4,4,3,3,6,2,1,1,1,1,6,2,3,7,1,1,7,1,1,7,1,5,3,1,1,-1,-1,0,0,0,0,-2,1,0,3,3,3,-3,-1,2,0,3,1
5822,2,3,6,2,6,3,2,4,5,3,4,6,2,2,6,2,1,3,5,5,3,1,4,7,1,3,2,2,2,6,2,5,7,1,1,7,2,1,6,2,5,3,1,1,-1,-1,3,1,0,2,-1,-1,-1,1,0,0,-3,0,1,1,3,0
6952,4,6,3,5,5,6,6,3,4,4,6,6,2,5,3,3,3,4,4,3,5,2,2,7,1,1,1,1,1,7,1,2,6,2,2,6,1,1,4,4,7,1,4,2,4,-4,4,5,5,2,-3,4,0,3,2,2,0,-4,3,0,0,4
9185,4,3,5,3,6,4,4,6,4,4,3,2,6,2,6,2,2,2,6,6,2,2,2,6,2, ,6,3,6,6,2,4,4,4,1,7,2,2,4,4,6,2,1,2,1,-1, ,-2,1,0,-2,-1,-2,1,0,0,-2,0,2,2,2,0
6259,5,4,3,5,5,5,4,2,5,3,5,3,5,2,6,3,1,3,5,3,5,4,3,6,2,3,3,1,4,6,2,4,5,3,4,4,2,2,4,4,6,2,3,1,1,-3,2,2,3,-2,-1,1,-2,-2,1,-1,-1,-3,1,2,1,3
7790,2,1,5,3,4,2,1,3,5,3,4,4,4,4,4,4,4,4,4,4,4,1,1,7,1,4,3,3,3,6,2,2,6,2,1,7,1,1,7,1,7,1,2,1,0,-2,0,-1,-2,0,-1,2,-2,3,3,3,-3,-3,1,2,3,3
8554,4,3,5,3,4,3,3,4,4,4,5,5,3,1,7,3, ,5,3,4,4,3,4,5,3,3,3,4,4,4,4,3,5,3,7,1,4,4,5,3,5,3,0,1,-1,0,1,0,-1,0,0,2,0,-6,-1, ,0,-1,0,0,0,1
1971,1,1,6,2,2,1,3,2,6,2,2,7,1,1,7,3,1,7,1,7,1,1,1,7,1,7,6,7,2,7,1,1,7,1,1,7,1,3,7,1,6,2,1,0,0,-1,-5,-5,-4,0,-1,1,0,0,2,-2,0,1,1,0,0,-1
8828,4,5,5,3,6,5,4,3,2,6,5,2,6,4,4,3,4,4,4,3,5,2,3,6,2,5,6,2,2,6,2,2,6,2,4,4,2,2,4,4,6,2,1,2,2,-1,1,-1,2,1,-4,3,-4,0,1,2,0,-3,4,4,0,3
2276,2,4,6,2,7,5,3,1,6,2,4,7,1,1,7,1,1,4,4,4,4,3,4,7,1,2,1,2,5,6,2,1,4,4,7,1,3,4,4,4,6,2,1,-1,0,-1,5,4,1,-4,0,3,3,-6,-2,-3,0,-2,0,-3,0,2
3139,2,2,3,5,5,6,2,2,5,3,4,3,5,2,6,2,2,2,6,2,6,1,1,7,1,4,4,3,2,5,3,4,4,4,1,7,3,4,5,3,6,2,4,1,1,-4,1,2,-1,0,0,0,-1,1,-1,-2,-3,-4,0,1,3,4
6046,2,2,5,3,6,3,4,3,7,1,1,6,2,2,6,1,1,4,4,4,4,5,4,7,1,5,4,1,1,7,1,1,7,1,4,4,2,1,4,4,4,4,2,-3,-2,-2,1,-1,3,2,0,0,-1,-2,-1,0,0,0,0,1,0,0
8552,4,4,6,2,6,1,1,2,4,4,5,7,1,2,6,2,2,2,6,6,2,1,1,7,1,1,1,1,1,7,1,1,7,1,1,7,1,1,1,7,7,1,1,3,3,-1,5,0,0,1,-3,4,0,1,1,1,1,-1,3,0,-1,1
1318,2,2,4,4,6,4,4,2,4,4,3,4,4,2,6,4,2,4,4,5,3,2,3,7,1,2,4,2,2,4,4,4,4,4,1,7,4,2,4,4,6,2,3,0,-1,-3,4,0,2,0,0,-1,0,1,0,0,0,-1,0,0,0,1
4506,3,3,5,3,3,2,2,2,5,3,3,4,4,1,7,2,2,5,3,5,3,1,1,7,1,2,2,2,2,6,2,2,5,3,1,7,4,3,6,2,7,1,2,2,2,-2,1,0,0,0,-1,1,-1,0,-2,-1,-1,-2,1,1,1,2
4806,4,3,1,7,4,7,4,5,1,7,7,1,7,1,7,4,4,4,4,3,5,2,2,3,5,6,3,1,3,6,2,1,3,5,1,7,7,7,4,4,4,4,2,2,1,-2,-2,4,3,2,-5,6,-2,0,-3,-3,0,-1,5,2,0,1
4910,4,4,5,3,4,2,2,2,5,3,4,6,2,5,3,2,3,5,3,5,3,2,3,4,4,6,2,2,2,6,2,1,6,2,7,1,2,2,6,2,7,1,-1,2,1,1,-2,0,0,0,-1,3,0,-2,0,1,-1,-2,1,0,1,2
7380,3,3,5,3,4,2,3,4,6,2,3,7,1,2,6,3,2,3,5,4,4,1,1,6,2,3,3,4,2,7,1,2,6,2,1,7,1,1,6,2,7,1,1,2,2,-1,1,-1,-1,2,-1,1,1,1,2,1,-3,-3,1,-1,3,3
8846,5,6,5,3,4,6,4,5,4,4,6,6,2,1,7,3,3,4,4,4,4,3,4,2,6,3,4,3,2,4,4,4,4,4,3,5,4,4,4,4,4,4,-3,2,2,3,1,2,1,3,0,2,2,-2,-1,-1,0,0,0,-2,0,0
267,6,4,4,4,3,6,5,1,4,4,2,4,4,6,2,4,2,4,4,4,4,2,3,6,2,7,6,4,3,4,4,1,6,2,7,1,1,1,7,1,7,1,2,4,1,-2,-4,0,1,-2,0,1,-2,-1,3,1,-3,-3,0,2,3,3
7937,3,3,3,5,4,4,5,2,4,4,3,5,3,2,6,2,2,4,4,4,4,3, ,6,2,7,6,5,2,3,5,5,4,4,5,3,6,5,3,5,4,4,3,0, ,-3,-3,-2,0,0,1,-2,1,-3,-4,-3,1,0,-1,-1,-1,0
527,6,6,3,5,4,3,4,5,4,4,6,7,1,2,6,3,5,3,5,5,3,2,3,6,2,6,6,1,4,1,7,1,7,1,7,1,2,4,4,4,5,3,3,4,3,-3,-2,-3,3,1,3,5,0,-5,1,1,-1,0,-3,0,1,0
1593,3,4,6,2,5,3,3,1,5,3,4,6,2,1,7,2,2,3,5,5,3,4,3,7,1,5,3,3,4,4,4,4,4,4,1,7,4,4,4,4,4,4,1,-1,1,-1,0,0,0,-3,1,0,2,0,-2,-2,-1,1,-1,-2,1,-1
8566,5,2,2,6,2,4,4,2,1,7,5,5,3,5,3,2,3,4,4,2,6,1,3,7,1,5,5,6,6,6,2,2,5,3,2,6,2,1,1,7,7,1,5,4,-1,-5,-3,-1,-2,-4,-5,3,0,3,0,2,3,-5,5,0,-3,5
3155,4,5,4,4,6,3,3,2,3,5,5,6,2,4,4,2,2,2,6,4,4,1,1,7,1,7,7,2,2,6,2,4,6,2,3,5,2,2,4,4,6,2,3,3,4,-3,-1,-4,1,0,-3,1,0,1,0,0,-2,-2,3,0,2,2
2457,3,2,6,2,4,5,3,3,4,4,3,4,4,2,6,1,1,2,6,5,3,2,2,4,4,5,6,1,2,5,3,4,3,5,2,6,2,2,2,6,4,4,-2,1,0,2,-1,-1,2,1,-1,-1,1,0,-1,-1,0,1,1,-1,0,-1
6666,4,5,5,3,3,3,4,3,3,5,4,2,6,3,5,4,3,4,4,4,4,3,3,7,1,7,5,2,3,5,3,1,4,4,7,1,3,3,6,2,6,2,2,1,2,-2,-4,-2,2,0,-2,3,-2,-4,1,0,-2,-2,2,2,2,2
2876,2,1,4,4,5,4,5,3,5,3,3,2,6,5,3,3,3,5,3,4,4,1,1,7,1,7,2,2,2,6,2,1,7,1,7,1,3,2,4,4,5,3,3,1,0,-3,-2,2,3,1,-1,2,-5,-2,0,1,1,-1,1,5,-1,1
4309,2,2,3,5,6,3,4,3,2,6,6,2,6,3,5,4,3,3,5,3,5,1,1,5,3,6,7,2,2,4,4,4,4,4,2,6,3,3,4,4,6,2,2,1,1,-2,0,-4,2,1,-2,2,-2,1,1,0,-1,-3,2,2,1,3
7133,5,2,6,2,5,5,5,1,4,4,5,3,5,2,6,3,3,3,5,6,2,1,6,7,1,7,7,7,4,6,2,4,3,5,1,7,1,1,4,4,7,1,1,4,-4,-1,-2,-2,-2,-3,-2,1,0,1,2,2,-1,-1,2,0,1,1
305,1,1,4,4,3,1,1,1,4,4,1,7,1,1,7,1,1,7,1,7,1,4,4,4,4,4,4,4,4,4,4,4,4,4,4,4,4,4,4,4,4,4,0,-3,-3,0,-1,-3,-3,-3,0,-3,3,-3,-3,-3,3,3,0,-3,-3,-3
865,3,5,4,4,6,5,4,5,2,6,5,2,6,3,5,6,3,3,5,2,6,2,3,7,1,5,6,2,4,2,6,2,5,3,4,4,3,3,2,6,6,2,3,1,2,-3,1,-1,2,1,0,3,-3,-1,3,0,1,-4,0,3,-1,4
1494,6,2,5,3,6,2,5,2,4,4,2,2,6,2,6,1,2,6,2,4,4,2,4,7,1,1,7,1,1,6,2, ,7,1,7,1,7,3,7,1,7,1,2,4,-2,-2,5,-5,4,1,-2, ,-5,-5,-6,-1,-1,-3,2,5,1,3
1686,2,2,5,3,4,2,2,1,4,4,3,5,3,1,7,3,1,4,4,3,5,4,4,4,4,4,4,4,4,4,4,4,4,4,4,4,4,4,4,4,4,4,-1,-2,-2,1,0,-2,-2,-3,0,-1,1,-3,-1,-3,0,-1,0,-1,0,1
1957,5,5,5,3,5,4,5,2,3,5,5,2,6,1,7,2,2,4,4,3,5,2,3,7,1,4,2,1,1,7,1,3,7,1,1,7,1,1,1,7,7,1,2,3,2,-2,1,2,4,1,-4,2,-5,0,1,1,3,-4,4,5,-3,4
2562,4,4,3,5,3,5,4,2,2,6,6,6,2,2,6,4,4,2,6,4,4,2,3,4,4,1,6,4,2,7,1,6,4,4,2,6,5,4,3,5,7,1,1,2,1,-1,2,-1,0,0,-5,0,2,0,-1,0,-1,-3,5,-2,1,3
2744,1,1,6,2,7,2,1,3,6,2,1,7,1,1,7,3,4,4,4,7,1,4,4,4,4,4,4,4,4,4,4,4,4,4,4,4,4,4,4,4,4,4,-2,-3,-3,2,3,-2,-3,-1,2,-3,3,-3,-1,0,0,3,-2,-3,0,-3
3121,4,4,6,2,4,2,3,1,4,4,4,7,1,1,7,3,2,4,4,5,3,4,4,4,4,4,4,4,4,4,4,4,4,4,4,4,4,4,4,4,4,4,-2,0,0,2,0,-2,-1,-3,0,0,3,-3,-1,-2,0,1,0,-3,0,-1
3134,3,5,4,4,4,3,3,3,5,3,5,7,1,1,7,2,3,4,4,5,3,2,2,6,2,6,6,6,6,6,2,7,5,3,1,7,1,1,4,4,5,3,2,1,3,-2,-2,-3,-3,-3,-1,-2,2,0,1,2,0,0,1,-2,0,0
3514,4,4,4,4,3,4,4,3,4,4,4,4,4,1,7,3,3,4,4,4,4,1,1,7,1,4,4,4,3,7,1,3,7,1,1,7,4,4,7,1,7,1,3,3,3,-3,-1,0,0,0,-3,1,-3,0,-1,-1,-3,-3,3,3,3,3
3624,5,2,6,2,2,5,4,4,5,3,5,5,3,3,5,2,2,4,4,4,4,3,1,7,1,7,6,7,1,7,1,4,7,1,7,1,1,1,7,1,7,1,1,2,1,-1,-5,-1,-3,3,-2,1,-2,-4,1,1,-3,-3,2,2,3,3
3973,2,3,6,2,3,3,3,4,4,4,4,5,3,1,7,3,3,5,3,5,3,2,2,6,2,6,6,2,2,5,3,4,4,4,1,7,4,3,4,4,6,2,0,0,1,0,-3,-3,1,2,-1,0,1,0,-1,0,1,-1,1,-1,-1,1
3984,1,3,6,2,5,4,2,2,5,3,4,6,2,2,6,3,3,6,2,6,2,1,3,7,1,7,6,1,2,6,2,2,6,2,1,7,1,1,2,6,7,1,1,0,0,-1,-2,-2,1,0,-1,2,0,1,2,2,4,-1,1,0,-4,1
4100,5,3,5,3,4,2,5,3,4,4,3,6,2,2,6,4,2,4,4,4,4,2,4,6,2,3,4,4,4,4,4,4,4,4,4,4,4,4,4,4,6,2,1,3,-1,-1,1,-2,1,-1,0,-1,2,-2,0,-2,0,-2,0,-2,0,2
4204,3,4,5,3,2,2,3,1,5,3,3,3,5,2,6,3,3,4,4,6,2,2,2,6,2,6,6,2,1,7,1,2,4,4,1,7,1,1,5,3,6,2,1,1,2,-1,-4,-4,1,0,-2,1,-1,1,2,2,-1,0,2,1,1,0
4276,2,3,7,1,7,2,4,3,4,4,1,7,1,1,7,2,2,5,3,4,4,4,5,5,3,5,5, ,5,5,3,5,5,3,4,4,5,4,5,3,4,4,-2,-2,-2,2,2,-3, ,-2,-1,-4,2,-3,-3,-2,0,0,1,-2,0,0
4392,1,2,4,4,6,4,2,3,4,4,4,5,3,1,7,2,3,4,4,5,3,1,1,6,2,7,5,7,1,7,1,4,3,5,1,7,1,1,5,3,7,1,2,0,1,-2,-1,-1,-5,2,-3,0,2,0,1,2,-1,-2,3,-2,1,2
4568,4,4,4,4,4,1,4,4,4,4,7,1,7,1,7,6,4,4,4,4,4,1,1,1,7,1,1,1,1,1,7,1, , ,1,7,1,1,1,7,7,1,-3,3,3,3,3,0,3,3,3,6, ,0,5,3,3,-3,-3, ,-3,3
4980,4,3,5,3,4,5,4,2,4,4,4,5,3,2,6,3,4,3,5,5,3,4,4,4,4,3, ,5, ,2,6,5,5,3,4,4, ,2, , ,4,4,-1,0,-1,1,1, ,-1, ,2,-1,0,-2, ,2, ,1,-2,0, ,-1
5646,3,2,4,4,4,4,3,3,4,4,4,5,3,3,5,2,2,2,6,4,4,2,2,5,3,3,3,2,2,5,3,2,6,2,2,6,3,3,5,3,5,3,1,1,0,-1,1,1,1,1,-1,2,-1,1,-1,-1,-3,-1,1,1,3,1
6147,4,2,4,4,3,3,3,3,4,4,4,2,6,2,6,3,3,4,4,4,4,2,2,6,2,3,5,4,4,3,5,3,5,3,2,6,4,4,4,4,4,4,2,2,0,-2,0,-2,-1,-1,1,1,-3,0,-1,-1,0,0,-1,3,0,0
6673,4,4,6,2,4,4,4,3,5,3,4,5,3,1,7,1,1,5,3,5,3,1,1,7,1,1,1,1,1,7,1,1,4,4,1,7,1,1,7,1,7,1,1,3,3,-1,3,3,3,2,-2,3,1,0,0,0,-2,-2,2,-1,2,2
6857,3,4,6,2,1,1,2,3,1,7,6,6,2,3,5,4,2,1,7,4,4,1,1,6,2,2,4,1,3,6,2,1,7,1,1,7,2,3,7,1,7,1,0,2,3,0,-1,-3,1,0,-5,5,-1,2,2,-1,-6,-3,5,1,6,3
6999,1,3,4,4,4,2,3,1,6,2,2,6,2,1,7,1,1,3,5,4,4,3,3,5,3,6,2,2,2,6,2,2,7,1,1,7,1,1,7,1,4,4,1,-2,0,-1,-2,0,1,-1,0,0,-1,0,0,0,-4,0,0,1,4,0
7096,5,6,3,5,3,1,2,3,4,4,5,5,3,3,5,4,4,4,4,5,3,5,6,3,5,4,1,3,2,4,4,5,5,3,3,5,4,4,4,4,5,3,0,0,0,0,-1,0,-1,1,0,0,0,0,0,0,0,0,0,0,0,0
7449,3,3,2,6,5,3,4,6,4,4,4,3,5,2,6,5,4,5,3,5,3,3,3,4,4,5,4,5,5,4,4,4,3,5,2,6,5,4,6,2,5,3,2,0,0,-2,0,-1,-1,1,0,0,0,0,0,0,-1,0,0,0,1,0
7562,5,5,3,5,1,3,4,3,5,3,5,5,3,1,7,5,4,4,4,4,4,1,1,7,1,1,7,7,7,7,1,7,1,7,1,7,7,7,7,1,7,1,4,4,4,-4,0,-4,-3,-4,-2,-2,4,0,-2,-3,-3,-3,2,-4,3,3
7743,4,6,3,5,3,4,3,3,5,3,3,2,6,5,3,6,4,4,4,4,4,3,3,4,4,4,4,3,5,4,4,4,5,3,1,7,4,4,4,4,6,2,1,1,3,-1,-1,0,0,-2,1,-1,-3,4,2,0,0,-2,-1,3,0,2
7953,4,2,6,2,7,6,7,4,3,5,5,5,3,3,5,2,2,3,5,5,3,1,1,7,1,1,1,1,1,4,4,6,4,4,1,7,1,7,7,1,5,3,1,3,1,-1,6,5,6,3,-1,-1,1,2,1,-5,-4,0,1,-1,4,0
8304,3,5,6,2,4,1,1,1,6,2,5,7,1,1,7,3,3,7,1,5,3,4,1,4,4,1,2,2,2,5,3,3,7,1,2,6,4,4,6,2,6,2,-2,-1,4,2,3,-1,-1,-1,1,2,0,-1,-1,-1,1,-1,-1,0,-1,1
8308,2,2,4,4,2,3,3,5,5,3,6,5,3,1,7,2,2,2,6,4,4,1,1,7,1,1,4,1,1,6,2,7,6,2,1,7,1,1,4,4,5,3,3,1,1,-3,1,-1,2,4,-1,-1,-1,0,1,1,-2,-1,1,1,2,1
8871,2,2,3,5,7,7,1,1,7,1,4,7,1,2,6,1,1,1,7,6,2,1,1,7,1,1,1,1,7,7,1,1,7,1,1,7,5,7,7,1,7,1,4,1,1,-4,6,6,0,-6,0,3,0,1,-4,-6,-6,-1,0,0,6,1
9372,4,4,3,5,2,2,4,3,1,7,7,4,4,4,4,2,1,3,5,4,4,4,3,5,3,5,5,2,1,5,3,1,3,5,7,1,4,1,7,1,4,4,2,0,1,-2,-3,-3,2,2,-4,6,1,-3,-2,0,-4,0,4,-1,4,0
781,4,3,6,2,1,2,2,4,5,3,4,4,4,2,6,4,4,3,5,5,3,1,1,7,1,1,4,1,1,7,1,6,7,1,1,7,2,6,7,1,7,1,1,3,2,-1,0,-2,1,3,-2,-2,-3,1,2,-2,-4,-2,2,3,4,2
1863,3,4,5,3,5,2,2,3,5,3,4,6,2,1,7,3,3,5,3,5,3,2,2,6,2,4,2,2,2,7,1,4,6,2,2,6,2,2,6,2,6,2,1,1,2,-1,1,0,0,1,-2,0,0,-1,1,1,-1,-1,2,0,1,1
2930,3,3,4,4,6,3,3,2,1,7,2,1,7,3,5,1,1,1,7,1,7,1,1,7,1,7,7,1,1,7,1,1,7,1,1,7,1,1,7,1,7,1,3,2,2,-3,-1,-4,2,1,-6,1,-6,2,0,0,-6,-6,6,6,6,6
6208,2,3, , , ,2,4,2, , ,3,6,2,1,7,3,3,3,5,4,4,1,4,6,2,4,2,1,1,6,2,4,4,4,1,7,2,3,4,4,7,1, ,1,-1, , ,0,3,1, ,-1,2,0,1,0,-1,-3, ,-2,1,3
8198,5,2,4,4,5,6,5,5,3,5,4,3,5,6,2,4,3,5,3,2,6,2,2,5,3,5,4,3,3,6,2,1,5,3,7,1,2,3,5,3,6,2,1,3,0,-1,0,2,2,2,-3,3,-2,-1,2,0,0,-4,3,2,0,4
8609,5,5,4,4,3,4,6,5,5,3,6,6,2,5,3,4,3,6,2,3,5,4,2,5,3,5,5,2,3,4,4,2,6,2,6,2,3,4,4,4,5,3,1,1,3,-1,-2,-1,4,2,1,4,0,-1,1,-1,2,-2,-1,0,-2,2
2663,1,3,5,3,5,6,5,2,7,1,6,1,7,1,7,2,1,1,7,4,4,1,7,7,1,1,5,2,2,7,1,7,3,5,1,7,2,4,5,3,7,1,2,0,-4,-2,4,1,3,0,0,-1,-2,0,0,-3,-4,-3,0,2,4,3
6924,2,4,2,6,6,3,4,5,3,5,3,3,5,5,3,4,4,3,5,5,3,6,2,4,4,5,5,5,4,3,5,3,3,5,7,1,7,7,3,5,1,7,2,-4,2,-2,1,-2,-1,1,0,0,0,-2,-3,-3,0,4,0,0,0,-4
8543,2,1,5,3,4,5,3,2,7,1,1,4,4,1,7,1,1,4,4,4,4,1,1,7,1,4,7,3,1,7,1,1,7,1,1,7,1,1,7,1,7,1,2,1,0,-2,0,-2,0,1,0,0,-3,0,0,0,-3,-3,0,3,3,3
3503,5,4,4,4,6,5,5,4,4,4,3,4,4,5,3,4,3,2,6,4,4,4,3,5,3,3,2,2,2,6,2,2,6,2,6,2,4,2,4,4,5,3,1,1,1,-1,3,3,3,2,-2,1,-2,-1,0,1,-2,-1,2,2,2,1
7883,3,2,5,3,1,2,2,2,5,3,4,5,3,2,6,2,4,4,4,4,4,3,2,4,4,5,5,4,3,5,3,3,5,3,1,7,2,6,7,1,5,3,-1,0,0,1,-4,-3,-2,-1,0,1,0,1,0,-2,-3,-1,0,0,3,1
9236,5,4,6,2,7,7,7,1,2,6,4,2,6,4,4,2,1,4,4,3,5,1,1,7,1,4,1,1,4,7,1,1,7,1,7,1,4,4,4,4,7,1,1,4,3,-1,3,6,6,-3,-5,3,-5,-3,-2,-3,0,-4,5,5,0,4
5159,3,4,2,6,7,6,7,3,4,4,1,2,6,1,7,3,3,1,7,4,4,2,4,4,4,4,1,1,4,7,1,1,7,1,1,7,1,1,7,1,7,1,2,1,0,-2,3,5,6,-1,-3,0,-5,0,2,2,-6,-3,3,5,6,3
6544,2,3,5,3,6,5,5,5,4,4,3,5,3,2,6,4,3,5,3,5,3,1,1,7,1,3,4,2,2,6,2,2,4,4,1,7,1,1,7,1,7,1,2,1,2,-2,3,1,3,3,-2,1,1,1,3,2,-2,-2,2,-1,2,2
1911,4,4,5,3,4,5,3,5,4,4,5,5,3,2,6,2,2,4,4,4,4,2,3,6,2,4,2,1,1,7,1,2,6,2,1,7,1,1,6,2,5,3,1,2,1,-1,0,3,2,4,-3,3,-1,1,1,1,-2,-1,3,1,2,1
521,2,3,7,1,4,2,1,1,6,2,5,6,2,1,7,4,3,6,2,5,3,1,2,7,1,1,1,1,1,7,1,6,7,1,1,7,1,1,7,1,7,1,0,1,1,0,3,1,0,0,-1,-1,-1,0,3,2,-1,-2,1,1,1,2
1209,1,1,2,6,5,3,1,3,3,5,4,5,3,2,6,2,2,4,4,6,2,1,1,7,1,7,7,1,1,7,1,1,7,1,1,7,4,4,7,1,7,1,5,0,0,-5,-2,-4,0,2,-4,3,-2,1,-2,-2,-3,-1,4,2,3,1
4609,5,4,5,3,6,5,5,2,1,7,4,4,4,2,6,3,3,4,4,3,5,3,4,5,3,7,6,4,3,6,2,6,4,4,4,4,4,4,4,4,5,3,0,2,0,0,-1,-1,1,-1,-5,-2,0,-2,-1,-1,0,-2,5,0,0,2
7417,4,4,6,2,6,4,3,1,5,3,4,6,2,3,5,1,1,5,3,5,3,1,5,5,3,4,4,2,2,5,3,1,6,2,7,1,2,2,6,2,7,1,-1,3,-1,1,2,0,1,-1,0,3,0,-4,-1,-1,-1,-2,0,0,1,2
8923,4,5,3,5,5,6,7,4,6,2,7,6,2,1,7,3,5,4,4,5,3,2,5,6,2,7,1,1,1,7,1,1,5,3,7,1,4,4,4,4,4,4,3,2,0,-3,-2,5,6,3,-1,6,1,-6,-1,1,0,1,1,-1,0,-1
8940,3,5,4,4,5,2,2,2,6,2,4,6,2,1,7,2,2,3,5,5,3,3,2,3,5,3,5,1,2,7,1,1,5,3,7,1,3,3,6,2,7,1,-1,0,3,1,2,-3,1,0,-1,3,1,-6,-1,-1,-3,-2,1,-1,3,2
4288,3,3,6,2,7,6,6,1,5,3,5,4,4,2,6,1,1,3,5,5,3,2,5,7,1,2,3,2,3,7,1,1,4,4,1,7,2,2,6,2,6,2,1,1,-2,-1,5,3,4,-2,-2,4,0,1,-1,-1,-3,-1,2,0,3,1
6466,5,5,5,3,6,4,2,2,7,1,1,7,1,1,7,3,1,5,3,6,2,1,1,7,1,4,7,1,7,7,1,1,4,4,1,7,1,1,7,1,7,1,2,4,4,-2,2,-3,1,-5,0,0,3,0,2,0,-2,-1,0,-3,2,1
8126,2,3,5,3,5,6,4,2,4,4,3,5,3,1,7,2,2,2,6,5,3,2,3,6,2,4,4,3,2,5,3,4,4,4,2,6,2,2,4,4,6,2,1,0,0,-1,1,2,1,0,-1,-1,1,-1,0,0,-2,-1,1,-1,2,1
2419,1,2,6,2,7,5,4,4,5,3,1,4,4,1,7,1,1,6,2,4,4,3,3,7,1,1,1,1,1,4,4,1,4,4,1,7,1,4,7,1,5,3,1,-2,-1,-1,6,4,3,3,1,0,0,0,0,-3,-1,-1,-1,0,1,1
4102,3,4,5,3,5,5,4,3,3,5,4,5,3,2,6,3,3,4,4,5,3,2,3,6,2,4,5,3,3,4,4,3,2,6,1,7,2,2,4,4,6,2,1,1,1,-1,1,0,1,0,-1,1,3,1,1,1,0,-1,1,-3,0,1
2964,3,4,3,5,5,6,4,4,4,4,3,5,3,2,6,2,2,4,4,4,4,1,1,7,1,3,3,2,4,4,4,4,6,2,1,7,2,1,4,4,7,1,4,2,3,-4,2,3,2,0,0,-1,-1,1,0,1,0,-3,0,1,0,3
4496,5,4,3,5,5,6,6,2,3,5,4,5,3, , ,4,3,2,6,4,4,4,4,4,4,4,4,4,4,4,4,4,4,4,4,4,4,4,4,4,4,4,1,1,0,-1,1,2,2,-2,-1,0,1, ,0,-1,-2,0,1,-1,2,0
178,2,5,6,2,2,1,3,1,6,2,2,7,1,1,7,2,4,7,1,5,3,7,1,4,4,7,6,1,1,4,4,4,4,4,4,4,4,4,4,4,6,2,-2,-5,4,2,-5,-5,2,0,2,-2,3,-3,-2,0,3,-1,-2,-3,-3,1
6899,4,4,6,2,3,1,1,2,4,4,3,6,2,2,6,2,2,4,4,4,4,2,3,6,2,4,1,1,1,6,2,4,6,2,1,7,4,2,6,2,5,3,0,2,1,0,-1,0,0,1,-2,-1,0,1,-2,0,-2,-1,2,0,2,1
1046,2,2,5,3,4,2,3,1,6,2,2,5,3,1,7,4,3,4,4,6,2,2,1,4,4,5,4,2,4,6,2,5,4,4,2,6,4,4,4,4,6,2,-1,0,1,1,-1,-2,1,-3,0,-3,1,-1,0,-1,0,0,0,-1,0,0
2386,3,4,6,2,6,1,1,3,4,4,3,7,1,1,7,2,2,4,4,4,4,4,4,4,4,4,4,4,4,4,4,4,4,4,4,4,4,4,4,4,4,4,-2,-1,0,2,2,-3,-3,-1,0,-1,3,-3,-2,-2,0,0,0,-3,0,0
1872,4,4,6,2,6,5,3,2,5,3,4,6,2,2,6,2,3,4,4,5,3,2,2,6,2,4,2,2,2,6,2,3,6,2,4,4,2,2,6,2,6,2,0,2,2,0,2,3,1,0,-1,1,0,-2,0,1,-2,-1,1,0,2,1
2919,4,4,4,4,3,2,5,4,5,3,7,5,3,1,7,2,2,3,5,4,4,1,1,7,1,7,3,1,1,7,1,1,7,1,7,1,1,1,1,7,7,1,3,3,3,-3,-4,-1,4,3,-2,6,-2,-6,1,1,2,-3,2,2,-2,3
8386,3,3,5,3,4,3,3,3,4,4,4,5,3,3,5,3,3,4,4,4,4,3,3,6,2,4,4,4,4,7,1,2,4,4,7,1,3,3,4,4,6,2,1,0,0,-1,0,-1,-1,-1,-3,2,1,-4,0,0,0,-2,3,-1,0,2
8395,2,2,4,4,2,2,3,4,2,6,7,5,3,1,7,1,1,6,2,1,7,1,1,7,1,4,7,2,2,6,2,1,4,4,7,1,6,5,4,4,7,1,3,1,1,-3,-2,-5,1,2,-4,6,1,-6,-5,-4,2,-6,4,-1,-2,6
8720,2,4,6,2,1,5,3,7,3,5,5,6,2,1,7,3,3,4,4,6,2,1,1,7,1,7,7,1,4,7,1,1,7,1,7,1,1,1,4,4,7,1,1,1,3,-1,-6,-2,2,3,-4,4,-1,-6,2,2,0,-1,4,1,0,1
8792,4,3,6,2, ,5,2,3, , ,4,6,2,3,5,2,2,7,1,4,4,2,3,4,4,2,3,3,2,6,2,3,4,4,6,2,3,2,6,2,6,2,-2,2,0,2, ,2,-1,1, ,1,2,-3,-1,0,1,-2, ,-2,-1,2
2027,3,2,4,4,6,4,3,2,4,4,3,6,2,2,6,2,2,4,4,4,4,2,2,4,4,6,5,2,2,4,4,3,6,2,2,6,2,2,4,4,4,4,0,1,0,0,0,-1,1,0,0,0,0,0,0,0,0,0,0,0,0,0
844,6,4,4,4,6,4,7,2,5,3,2,2,6,2,6,2,2,2,6,3,5,4,2,4,4,7,7,7,7,5,3,1,4,4,2,6,7,3,5,3,5,3,0,2,2,0,-1,-3,0,-5,0,1,-2,0,-5,-1,-3,-2,0,2,3,2
603,4,2,5,3,5,5,6,4,4,4,5,2,6,1,7,2,2,2,6,2,6,3,2,5,3,6,3,2,2,4,4,5,3,5,1,7,2,2,2,6,3,5,0,1,0,0,-1,2,4,2,0,0,-1,0,0,0,0,-1,0,1,0,1
2070,4,3,3,5,4,2,2,1,7,1,3,7,1,1,7,4,4,2,6,4,4,3,2,6,2,1,4,1,7,1,7,5,5,3,1,7,4,4,4,4,4,4,3,1,1,-3,3,-2,1,-6,6,-2,2,0,0,0,-2,0,-6,-2,2,0
4696,5,3,3,5,5,3,4,2,5,3,6,3,5,6,2,3,2,2,6,4,4,2,2,5,3,6,2,2,2,7,1,2,3,5,6,2,1,1,6,2,6,2,2,3,1,-2,-1,1,2,0,-2,4,0,0,2,1,-4,-2,2,0,4,2
8091,3,4,6,2,3,1,1,1,4,4,3,7,1,1,7,2,2,4,4,4,4,4,4,7,1,3,1,1,1,1,7,1,7,1,1,7,4,1,1,7,1,7,1,-1,0,-1,0,0,0,0,3,2,0,0,-2,1,3,3,-3,0,-3,-3
898,3,3,6,2,7,6,3,1,5,3,4,3,5,5,3,1,1,3,5,4,4,2,1,7,1,3,2,1,1,7,1,3,5,3,7,1,1,2,6,2,6,2,1,1,2,-1,4,4,2,0,-2,1,-2,-2,0,-1,-3,-2,2,2,3,2
5634,2,2,6,2,6,4,2,1,5,3,3,6,2,5,3,1,1,5,3,5,3, ,2,6,2,6,5,2,2,5,3,3,5,3,5,3,1,1,6,2,4,4,0, ,0,0,0,-1,0,-1,0,0,1,0,0,0,-1,1,0,-1,1,-1
8903,1,3,5,3,5,3,3,3,6,2,3,4,4,1,7,2,2,4,4,5,3,2,3,5,3,5,4,3,3,7,1,3,5,3,2,6,3,3,5,3,6,2,0,-1,0,0,0,-1,0,0,-1,0,-1,-1,-1,-1,-1,-1,1,1,1,1
1210,4,3,2,6,5,5,5,3,4,4,4,4,4,1,7,2,2,3,5,5,3,3,3,5,3,5,4,2,2,6,2,4,5,3,1,7,2,1,7,1,7,1,3,1,0,-3,0,1,3,1,-2,0,-1,0,0,1,-4,-2,2,1,4,2
6455,4,3,5,3,6,5,3,2,6,2,3,5,3,2,6,2,2,1,7,4,4,4,4,4,4,4,4,4,4,4,4,4,4,4,4,4,4,4,4,4,4,4,-1,0,-1,1,2,1,-1,-2,2,-1,1,-2,-2,-2,-3,0,-2,-1,3,0
7218,6,6,2,6,4,2,4,6,1,7,7,2,6,3,5,2,2,3,5,2,6,2,3,7,1,2,5,4,2,6,2,2,3,5,1,7,2,2,5,3,6,2,5,4,3,-5,2,-3,0,4,-5,5,-1,2,0,0,-2,-4,5,1,2,4
8576,4,5,4,4,3,2,5,1,5,3,2,5,3,1,7,1,1,2,6,4,4,7,6,7,1,7,7,1,4,2,6,7,7,1,7,1,1,1,4,4,2,6,3,-3,-1,-3,-4,-5,4,-3,3,-5,-2,-6,0,0,-2,2,-3,2,2,-2
7353,3,3,2,6,5,4,5,4,5,3,1,3,5,7,1,2,1,3,5,3,5,3,3,5,3,4,3,3,2,5,3,2,5,3,7,1,2,2,5,3,5,3,3,0,0,-3,1,1,2,2,0,-1,-2,0,0,-1,-2,-2,0,2,2,2
1,4,4,4,4,4,2,2,2,6,2,3,6,2,2,6,3,3,6,2,5,3,2,2,7,1,7,1,1,2,6,2,2,6,2,2,6,2,2,6,2,6,2,3,2,2,-3,-3,1,1,0,0,1,0,0,1,1,0,-1,0,0,0,1
4579,4,4,5,3,6,5,4,1,6,2,5,6,2,2,6,1,1,6,2,5,3,2,2,6,2,7,4,2,1,4,4,4,3,5,1,7,1,1,6,2,6,2,1,2,2,-1,-1,1,2,0,2,1,3,1,0,0,0,-1,-2,-3,0,1
4768,2,2,6,2,4,2,1,1,5,3,2,7,1,1,7,3,2,6,2,6,2,1,1,7,1,5,7,1,1,7,1,2,7,1,1,7,1,1,7,1,7,1,1,1,1,-1,-1,-5,0,0,-2,0,0,0,2,1,-1,-1,2,0,1,1
6554,3,2,2,6,5,5,6,3,4,4,3,3,5,2,6,2,2,2,6,3,5,3,2,6,2,7,5,1,1,6,2,1,6,2,1,7,5,5,7,1,2,6,4,0,0,-4,-2,0,5,2,-2,2,-3,1,-3,-3,-5,1,2,3,5,-1
5028,4,3,5,3,6,5,5,6,5,3,4,2,6,1,7,3,3,4,4,4,4,2,2,6,2,3,6,1,1,6,2,4,6,2,1,7,2,2,6,2,6,2,1,2,1,-1,3,-1,4,5,-1,0,-4,0,1,1,-2,-2,1,4,2,2
2187,1,1,4,4,2,2,1,1,6,2,4,7,1,1,7,1,1,4,4,6,2,1,6,7,1,4,4,1,1,7,1,4,4,4,1,7,4,4,4,4,7,1,3,0,-5,-3,-2,-2,0,0,-1,0,3,0,-3,-3,0,-1,1,-3,0,1
9162,3,3,5,3,6,5,4,2,5,3,2,4,4,2,6,1,1,2,6,4,4,2,1,5,3,6,6,5,2,6,2,1,3,5,7,1,4,3,6,2,6,2,0,1,2,0,0,-1,-1,0,-1,1,1,-5,-3,-2,-4,-2,1,-1,4,2
9197,5,5,5,3,5,6,6,3,4,4,5,5,3,2,6,3,3,2,6,4,4,3,2,6,2,6,6,2,6,3,5,2,4,4,2,6,6,5,4,4,4,4,1,2,3,-1,-1,0,4,-3,1,3,1,0,-3,-2,-2,0,-1,-1,2,0
176,4,2,3,5,5,4,4,6,4,4,3,5,3,2,6,4,4,4,4,4,4,3,3,5,3,4,3,3,3,4,4,1,1,7,7,1,3,3,5,3,6,2,2,1,-1,-2,1,1,1,3,0,2,4,-5,1,1,-1,-2,0,-4,1,2
257,6,5,3,5,2,5,6,6,2,6,4,2,6,6,2,2,2,2,6,2,6,4,5,4,4,5,7,4,4,4,4,4,3,5,4,4,6,6,5,3,6,2,1,2,0,-1,-3,-2,2,2,-2,0,-1,2,-4,-4,-3,-4,2,1,3,4
292,2,3,2,6,5,1,2,3,6,2,4,6,2,1,7,2,2,6,2,5,3,2,2,3,5,5,2,2,3,6,2,4,5,3,1,7,2,2,6,2,7,1,1,0,1,-1,0,-1,0,0,0,0,1,0,0,0,0,-2,0,-1,0,2
417,4,3,4,4,5,5,5,4,4,4,4,5,3,3,5,2,2,2,6,5,3,2,2,4,4,4,4,3,4,6,2,1,4,4,7,1,4,4,4,4,6,2,0,2,1,0,1,1,2,0,-2,3,1,-4,-2,-2,-2,-1,2,-1,2,1
627,3,5,3,5,3,6,6,3,4,4,6,4,4,1,7,2,2,1,7,3,5,2,2,6,2,6,2,1,3,2,6,3,4,4,2,6,2,2,4,4,4,4,3,1,3,-3,-3,4,5,0,2,3,0,-1,0,0,-3,-1,-2,0,3,1
1064,6,5,3,5,7,2,1,2,6,2,5,6,2,2,6,1,1,2,6,6,2,2,7,6,2,1,6,2,1,6,2,7,6,2,1,7,1,2,7,1,7,1,3,4,-2,-3,6,-4,-1,1,0,-2,0,1,0,-1,-5,-1,0,0,5,1
1111,3,4,6,2,4,2,5,2,4,4,6,3,5,1,7,2,2,2,6,1,7,5,2,7,1,5,5,3,1,5,3,4,5,3,1,7,1,1,6,2,2,6,1,-2,2,-1,-1,-3,2,1,-1,2,-2,0,1,1,-4,-1,1,2,4,1
1311,5,4,5,3,4,4,4,3,4,4,4,4,4,1,7,3,3,5,3,4,4,2,2,6,2,5,4,1,2,2,6,7,1,7,1,7,7,7,7,1,7,1,1,3,2,-1,-1,0,3,1,2,-3,3,0,-4,-4,-2,-3,-2,-3,2,3
1689,3,2,4,4,5,4,3,3,3,5,4,4,4,2,6,2,2,4,4,4,4,3,3,4,4,4,7,4,3,7,1,4,4,4,1,7,1,1,4,4,7,1,0,0,-1,0,1,-3,-1,0,-4,0,0,1,1,1,0,-3,4,0,0,3
1854,3,3,4,4,5,6,4,3,5,3,3,2,6,1,7,3,2,4,4,5,3,1,1,7,1,4,4,4,7,7,1,1,7,1,1,7,4,3,4,4,7,1,3,2,2,-3,1,2,0,-4,-2,2,-5,0,-1,-1,0,-2,2,5,0,2
2001,4,3,4,4,6,3,3,2,5,3,2,3,5,2,6,2,2,6,2,4,4,3,4,5,3,6,3,2,2,4,4,6,4,4,2,6,6,4,6,2,6,2,1,1,-1,-1,0,0,1,0,1,-4,-1,0,-4,-2,0,-2,-1,1,0,2
2498,4,4,2,6,1,2,6,3,4,4,4,5,3,4,4,4,5,5,3,3,5,4,4,2,6,1,2,6,3,4,4,4,5,3,4,4,4,5,5,3,3,5,0,0,0,0,0,0,0,0,0,0,0,0,0,0,0,0,0,0,0,0
2910,3,3,5,3,4,2,3,5,4,4,3,4,4,2,6,2,2,3,5,4,4,2,2,5,3,4,4,5,4,5,3,3,5,3,1,7,1,1,4,4,6,2,0,1,1,0,0,-2,-2,1,-1,0,-1,1,1,1,-1,-2,1,1,1,2
3766,5,5,4,4,7,5,6,3,4,4,2,5,3,6,2,3,2,6,2,4,4,1,6,5,3,2,2,2,5,6,2,4,5,3,2,6,4,4,4,4,6,2,1,4,-1,-1,5,3,4,-2,-2,-2,0,4,-1,-2,2,-2,2,0,-2,2
4265,3,5,3,5,6,5,3,1,5,3,4,1,7,3,5,2,1,2,6,4,4,3,5,5,3,3,3,2,1,2,6,1,2,6,1,7,1,1,6,2,6,2,2,0,0,-2,3,2,1,0,3,3,-1,2,1,0,-4,-2,-3,1,4,2
4509,4,1,5,3,5,7,1,1,7,1,4,4,4,1,7,4,1,4,4,6,2,1,1,7,1,1,1,1,1,7,1,1,7,1,1,7,1,1,7,1,7,1,2,3,0,-2,4,6,0,0,0,3,-3,0,3,0,-3,-1,0,3,3,1
4780,3,3,4,4,4,2,4,1,4,4,4,6,2,3,5,3,3,4,4,4,4,4,3,4,4,4,2,4,2,4,4,4,6,2,3,5,3,3,4,4,5,3,0,-1,0,0,0,0,0,-1,0,0,0,0,0,0,0,-1,0,0,0,1
4791,3,2,6,2,6,4,4,3,4,4,6,5,3,1,7,2,3,6,2,6,2,4,5,4,4,5,3,3,3,6,2,6,4,4,1,7,3,3,4,4,5,3,-2,-1,-3,2,1,1,1,0,-2,0,1,0,-1,0,2,1,2,-1,-2,-1
5670,4,3,6,2,7,2,1,1,4,4,4,6,2,1,7,2,1,5,3,5,3,4,4,4,4,4,4,4,4,4,4,4,4,4,4,4,4,4,4,4,4,4,-2,0,-1,2,3,-2,-3,-3,0,0,2,-3,-2,-3,1,1,0,-2,-1,-1
6267,4,5,3,5,3,2,2,1,3,5,4,5,3,2,6,1,2,2,6,4,4,2,3,7,1,4,5,1,1,7,1,4,7,1,1,7,1,1,5,3,7,1,4,2,2,-4,-1,-3,1,0,-4,0,-2,1,0,1,-3,-3,4,2,3,3
6363,5,4,4,4,5,3,5,2,4,4,7,5,3,2,6,4,3,1,7,3,5,4,4,4,4,4,4,3,4,4,4,4,4,4,3,5,4,4,4,4,4,4,0,1,0,0,1,-1,2,-2,0,3,1,-1,0,-1,-3,-1,0,-1,3,1
6373,5,5,6,2,3,4,2,1,4,4,3,7,1,1,7,4,1,4,4,5,3,1,3,7,1,1,4,4,4,6,2,4,4,4,1,7,4,4,4,4,7,1,1,4,2,-1,2,0,-2,-3,-2,-1,3,0,0,-3,0,-2,2,-3,0,2
6381,3,3,5,3,5,3,4,3,4,4,4,3,5,2,6,3,3,3,5,3,5,3,3,5,3,6,6,3,5,3,5,6,2,6,2,6,6,6,2,6,6,2,0,0,0,0,-1,-3,1,-2,1,-2,1,0,-3,-3,1,-3,-1,-1,-1,3
7223,4,3,3,5,4,6,4,4,3,5,6,5,3,3,5,4,4,3,5,3,5,2,2,6,2,4,4,4,4,6,2,3,4,4,1,7,4,4,4,4,6,2,3,2,1,-3,0,2,0,0,-3,3,1,2,0,0,-1,-3,3,-1,1,3
7543,2,2,6,2,3,2,4,3,6,2,4,6,2,1,7,1,1,3,5,6,2,1,4,6,2,1,1,1,5,7,1,4,5,3,1,7,4,4,4,4,7,1,0,1,-2,0,2,1,3,-2,-1,0,1,0,-3,-3,-1,-1,1,-1,1,1
7758,5,7,5,3,6,7,4,1,4,4,4,6,2,2,6,2,2,4,4,6,2,1,2,7,1,2,4,2,4,4,4,1,5,3,1,7,4,4,4,4,7,1,2,4,5,-2,4,3,2,-3,0,3,1,1,-2,-2,0,-1,0,-1,0,1
8361,5,5,4,4,5,5,5,2,4,4,6,5,3,1,7,1,1,2,6,4,4,3,3,3,5,3,5,3,5,4,4,2,6,2,1,7,1,1,5,3,5,3,-1,2,2,1,2,0,2,-3,0,4,-1,0,0,0,-3,-1,0,1,3,1
8372,5,4,3,5,3,4,4,3,4,4,5,7,1,1,7,3,2,4,4,3,5,4,4,4,4,4,4,4,4,4,4,4,4,4,4,4,4,4,4,4,4,4,1,1,0,-1,-1,0,0,-1,0,1,3,-3,-1,-2,0,-1,0,-3,0,1
8373,4,3,5,3,6,5,3,2,4,4,5,5,3,2,6,1,1,4,4,4,4,2,3,7,1,4,5,2,2,6,2,4,4,4,1,7,2,2,4,4,5,3,2,2,0,-2,2,0,1,0,-2,1,1,1,-1,-1,0,-1,2,-1,0,1
8483,3,3,4,4,3,2,2,2,4,4,4,6,2,1,7,2,2,3,5,4,4,3,1,5,3,2,1,1,4,6,2,4,7,1,1,7,2,2,5,3,4,4,1,0,2,-1,1,1,1,-2,-2,0,-1,0,0,0,-2,0,2,1,2,0
9094,5,6,4,4,4,5,4,3,2,6,6,1,7,2,6,2,3,3,5,3,5,3,3,5,3,4,3,5,4,4,4,4,4,4,5,3,4,4,5,3,4,4,1,2,3,-1,0,2,-1,-1,-2,2,-3,-3,-2,-1,-2,-1,2,3,2,1
2318,5,5,3,5,7,7,6,2,3,5,6,5,3,3,5,1,2,6,2,4,4,2,2,7,1,5,5,3,4,5,3,3,4,4,1,7,1,1,3,5,5,3,4,3,3,-4,2,2,3,-2,-2,3,1,2,0,1,3,-1,2,-1,-3,1
6251,1,1,4,4,3,1,2,5,7,1,2,6,2, , ,2,1,4,4,6,2,1,3,7,1,6,1,1,1,7,1,1,7,1,1,7,1,1,7,1,7,1,3,0,-2,-3,-3,0,1,4,0,1,-1, ,1,0,-3,-1,0,1,3,1
4264,5,5,3,5,5,5,4,3,3,5,4,4,4,3,5,5,4,3,5,3,5,3,3,5,3,5,4,4,3,5,3,6,4,4,5,3,4,3,4,4,4,4,2,2,2,-2,0,1,0,0,-2,-2,0,-2,1,1,-1,-1,2,0,1,1
1827,4,5,3,5,6,6,6,5,3,5,7,5,3,2,6,2,4,5,3,4,4,2,3,6,2,7,5,2,4,7,1,7,5,3,2,6,2,1,4,4,2,6,3,2,2,-3,-1,1,4,1,-4,0,0,0,0,3,1,2,4,0,-1,-2
6523,3,2,6,2,2,6,3,1,5,3,3,6,2,4,4,3,2,3,5,4,4,2,2,6,2,3,2,2,2,5,3,2,6,2,7,1,2,2,6,2,6,2,0,1,0,0,-1,4,1,-1,0,1,0,-3,1,0,-3,-2,0,0,3,2
4150,5,6,4,4,4,5,5,6,4,4,6,7,1,2,6,1,1,4,4,4,4,2,3,5,3,3,4,2,4,6,2,5,5,3,7,1,1,1,4,4,6,2,1,3,3,-1,1,1,3,2,-2,1,2,-5,0,0,0,-2,2,-2,0,2
3623,3,4,3,5,6,4,3,2,5,3,4,6,2,5,3,2,2,3,5,5,3,1,1,6,2,4,2,1,2,7,1,2,7,1,1,7,2,2,6,2,6,2,3,2,3,-3,2,2,2,0,-2,2,-1,4,0,0,-3,-1,2,1,3,1
3977,4,4,3,5,2,6,5,5,2,6,6,2,6,1,7,3,3,3,5,4,4,2,2,5,3,2,4,3,4,6,2,4,4,4,4,4,4,4,4,4,4,4,2,2,2,-2,0,2,2,1,-4,2,-2,-3,-1,-1,-1,0,4,2,1,0
7213,1,1,4,4,4,1,1,1,1,7,4,2,6,2,6,2,2,2,6,4,4,1,1,7,1,4,1,1,1,7,1,1,7,1,1,7,1,1,4,4,7,1,3,0,0,-3,0,0,0,0,-6,3,-5,1,1,1,-2,-3,6,5,2,3
2525,4,2,3,5,4,3,5,6,6,2,4,6,2,2,6,4,2,3,5,4,4,1,6,7,1,1,4,4,4,4,4,6,4,4,1,7,4,4,4,4,6,2,4,3,-4,-4,3,-1,1,2,2,-2,2,1,0,-2,-1,-2,-2,-2,1,2
6011,3,3,4,4,6,2,2,3,5,3,4,7,1,1,7,3,3,2,6,5,3,3,3,2,6,6,2,2,3,5,3,1,7,1,6,2,3,3,4,4,5,3,-2,0,0,2,0,0,0,0,0,3,0,-5,0,0,-2,0,0,0,2,0
6650,3,3,5,3,7,7,3,3,1,7,4,3,5,2,6,1,1,1,7,5,3,4,4,4,4,4,4,4,4,4,4,4,4,4,4,4,4,4,4,4,4,4,-1,-1,-1,1,3,3,-1,-1,-3,0,-1,-2,-3,-3,-3,1,3,1,3,-1
8021,5,4,3,5,7,6,6,5,4,4,4,4,4,2,6,6,2,4,4,4,4,1,3,6,2,2,4,2,4,5,3,1,4,4,7,1,1,1,4,4,6,2,3,4,1,-3,5,2,4,1,-1,3,0,-5,5,1,0,-2,1,0,0,2
9458,3,4,5,3,3,4,4,2,4,4,4,1,7,2,6,1,1,4,4,3,5,4,4,4,4,4,4,4,4,4,4,4,4,4,4,4,4,4,4,4,4,4,-1,-1,0,1,-1,0,0,-2,0,0,-3,-2,-3,-3,0,-1,0,3,0,1
9059,2,2,5,3,2,1,1,1,6,2,2,7,1,2,6,3,2,4,4,6,2,1,1,7,1,1,1,1,1,7,1,7,6,2,1,7,2,4,4,4,7,1,2,1,1,-2,1,0,0,0,-1,-5,1,1,1,-2,0,-1,1,-1,0,1
9335,2,2,4,4,5,4,5,3,4,4,3,3,5,2,6,3,2,3,5,5,3,1,3,6,2,4,5,2,2,6,2,1,5,3,7,1,4,4,4,4,7,1,2,1,-1,-2,1,-1,3,1,-2,2,-2,-5,-1,-2,-1,-2,2,2,1,2
102,5,2,6,2,7,7,7,1,4,4,6,2,6,5,3,1,1,2,6,4,4,1,3,3,5,3,4,3, ,5,3,2,6,2,4,4,2,5,5,3,3,5,-3,4,-1,3,4,3,4, ,-1,4,-4,1,-1,-4,-3,1,1,4,3,-1
8217,5,3,7,1,2,4,7,5,4,4,2,1,7,7,1,5,6,4,4,1,7,3,1,2,6,7,3,1,1,4,4,1,4,4,7,1,2,4,7,1,4,4,-5,2,2,5,-5,1,6,4,0,1,-3,0,3,2,-3,-3,0,3,3,3
3733,4,4,5,3,6,6,3,2,3,5,4,7,1,7,1,3,2,2,6,4,4,6,6,6,2,2,2,5,2,3,5,4,7,1,1,7,1,1,6,2,5,3,1,-2,-2,-1,4,4,-2,0,0,0,0,6,2,1,-4,-1,0,0,4,1
4070,6,3,4,4,7,6,6,1,2,6,4,3,5,5,3,2,1,1,7,3,5,3,1,6,2,7,5,1,1,7,1,3,6,2,6,2,1,1,4,4,6,2,2,3,2,-2,0,1,5,0,-5,1,-3,-1,1,0,-3,-3,5,3,3,3
8764,5,3,4,4,3,2,3,3,4,4,5,3,5,3,5,4,4,4,4,3,5,2,2,6,2,6,4,3,4,6,2,3,4,4,1,7,4,4,4,4,5,3,2,3,1,-2,-3,-2,0,-1,-2,2,-1,2,0,0,0,-2,2,1,0,2
1752,1,1,5,3,2,2,2,2,7,1,1,7,1,1,7,1,1,6,2,7,1,1,1,7,1,7,7,4,4,6,2,1,1,7,7,1,7,7,7,1,7,1,2,0,0,-2,-5,-5,-2,-2,1,0,6,-6,-6,-6,-1,0,-1,-6,1,0
3849,3,1,6,2,2,2,4,3,6,2,2,5,3,1,7,2,2,6,2,5,3,1,1,7,1,1,7,1,4,6,2,4,4,4,4,4,4,4,4,4,6,2,1,2,0,-1,1,-5,3,-1,0,-2,1,-3,-2,-2,2,-1,0,-1,-2,1
5757,6,3,5,3,4,5,3,6,4,4,5,4,4,4,4,4,3,3,5,4,4,4,3,4,4,4,4,3,4,5,3,3,5,3,3,5,4,4,4,4,4,4,-1,2,0,1,0,1,0,2,-1,2,-1,1,0,-1,-1,0,1,1,1,0
6175,3,4,5,3,5,5,5,4,5,3,4,4,4,6,2,6,5,4,4,4,4,3,3,6,2,3,4,2,4,6,2,1,7,1,7,1,2,3,4,4,5,3,1,0,1,-1,2,1,3,0,-1,3,-3,-1,4,2,0,-1,1,3,0,1
6870,5,4,4,4,6,6,5,2,6,2,2,6,2,2,6,2,1,3,5,4,4,4,4,5,3,6,3,1,1,6,2,2,4,4,1,7,1,1,5,3,5,3,1,1,0,-1,0,3,4,1,0,0,2,1,1,0,-2,-1,0,-2,2,1
7550,4,3,4,4,4,4,5,2,3,5,2,3,5,3,5,3,2,2,6,3,5,3,3,5,3,5,3,2,3,5,3,2,6,2,3,5,2,2,3,5,5,3,1,1,0,-1,-1,1,3,-1,-2,0,-3,0,1,0,-1,-2,2,3,1,2
4400,3,3,5,3,5,4,2,2,5,3,3,5,3,3,5,3,3,5,3,5,3,3,3,5,3,3,3,1,2,5,3,5,5,3,3,5,3,3,5,3,5,3,0,0,0,0,2,1,1,0,0,-2,0,0,0,0,0,0,0,0,0,0
5529,2,6,4,4,6,6,5,2,4,4,5,4,4,2,6,2,1,2,6,4,4,2,6,6,2,2,4,3,4,5,3,6,4,4,1,7,2,2,5,3,6,2,2,0,0,-2,4,2,2,-2,-1,-1,0,1,0,-1,-3,-2,1,0,3,2
6989,6,3,2,6,6,4,6,2,4,4,3,4,4,3,5,3,4,2,6,4,4,4,3,4,4,6,5,5,2,5,3,4,4,4,3,5,3,3,5,3,5,3,2,2,0,-2,0,-1,1,0,-1,-1,0,0,0,1,-3,-1,1,0,3,1
1358,4,4,4,4,5,5,4,4,4,4,5,4,4,3,5,4,3,4,4,4,4,3,3,5,3,4,4,4,3,4,4,4,4,4,2,6,3,3,4,4,4,4,1,1,1,-1,1,1,0,1,0,1,0,1,1,0,0,0,0,0,0,0
2943,3,2,5,3,3,2,2,3,5,3,2,4,4,1,7,3,2,5,3,6,2,2,2,5,3,3,1,2,4,6,2,2,6,2,1,7,4,4,6,2,6,2,0,1,0,0,0,1,0,-1,-1,0,-2,0,-1,-2,-1,0,1,2,1,0
3986,4,3,3,5,6,5,5,4,4,4,3,3,5,1,7,2,3,2,6,4,4,6,4,5,3,6,6,6,3,4,4,3,3,5,1,7,2,2,4,4,5,3,2,-2,-1,-2,0,-1,-1,1,0,0,0,0,0,1,-2,-1,0,0,2,1
6409,2,2,5,3,6,3,2,1,4,4,2,2,6,1,7,2,5,3,5,6,2,1,2,7,1,6,6,1,1,6,2,2,4,4,1,7,1,2,7,1,7,1,2,1,0,-2,0,-3,1,0,-2,0,-2,0,1,3,-4,-1,2,2,4,1
1496,4,3,4,4,5,4,4,4,4,4,4,7,1,2,6,1,1,4,4,3,5,4,4,7,1,3,7,1,1,4,4,1,7,1,7,1,4,1,1,7,7,1,3,0,-1,-3,2,-3,3,3,0,3,0,-5,-3,0,3,-4,0,0,-3,4
6092,2,2,7,1,2,4,1,1,7,1,2,7,1,1,7,1, ,6,2,7,1,2,2,7,1,1,1,1,1,7,1,1,7,1,7,1,1,1,7,1,7,1,0,0,0,0,1,3,0,0,0,1,0,-6,0, ,-1,0,0,0,1,0
7930,2,2,4,4,5,5,4,2,5,3,4,5,3,2,6,3,3,2,6,5,3,2,2,7,1,3,3,3,2,7,1,1,6,2,1,7,4,4,6,2,7,1,3,0,0,-3,2,2,1,0,-2,3,-1,1,-1,-1,-4,-2,2,1,4,2
8955,3,4,6,2,7,6,6,2,4,4,4,4,4,2,6,1,2,4,4,4,4,1,1,7,1,4,7,4,1,7,1,1,4,4,1,7,1,1,4,4,7,1,1,2,3,-1,3,-1,2,1,-3,3,0,1,0,1,0,-3,3,0,0,3
999,4,5,4,4,6,6,5,3,5,3,2,5,3,2,6,1,1,5,3,5,3,3,5,4,4,6,7,6,2,5,3,2,4,4,2,6,1,1,5,3,5,3,0,1,0,0,0,-1,-1,1,0,0,1,0,0,0,0,0,0,-1,0,0
2742,5,3,5,3,2,2,3,3,4,4,6,3,5,3,5,5,4,6,2, , ,3,5,6,2,3,2,3,4,5,3,2,6,2,6,2,3,3,6,2,7,1,1,2,-2,-1,-1,0,0,-1,-1,4,-3,-3,2,1,0, ,1,3,0, 
7010,3,3,5,3,6,2,2,1,6,2,2,6,2,1,7,2,2,3,5,6,2,2,2,6,2,6,1,1,1,7,1,2,6,2,1,7,1,1,2,6,7,1,1,1,1,-1,0,1,1,0,-1,0,0,0,1,1,1,-1,1,0,-1,1
7335,4,4,4,4,5,3,4,3,4,4,4,3,5,2,6,3,3,2,6,4,4,2,3,6,2,2,5,5,2,5,3,4,3,5,1,7,4,4,6,2,7,1,2,2,1,-2,3,-2,-1,1,-1,0,0,1,-1,-1,-4,-3,1,0,4,3
9152,3,5,6,2,6,2,3,1,5,3,5,3,5,2,6,1,1,5,3,5,3,3,3,5,3,3,1,1,2,7,1,2,6,2,1,7,6,6,6,2,7,1,-1,0,2,1,3,1,2,-1,-2,3,-3,1,-5,-5,-1,-2,2,3,1,2
2698,4,2,5,3,2,2,1,3,4,4,3,6,2,1,7,6,1,5,3,5,3,1,4,7,1,5,6,1,4,6,2,6,4,4,1,7,3,6,7,1,7,1,2,3,-2,-2,-3,-4,0,-1,-2,-3,2,0,3,-5,-2,-2,2,-2,2,2
7323,3,2,6,2,4,3,2,1,3,5,5,3,5,1,7,2,1,4,4,3,5,2,1,7,1,7,5,4,1,5,3,2,2,6,1,7,1,1,4,4,5,3,1,1,1,-1,-3,-2,-2,0,-2,3,1,0,1,0,0,-2,2,-1,0,2
7672,1,3,7,1,7,6,4,1,7,1,2,7,1,4,4,1,4,3,5,4,4,1,1,7,1,1,7,1,1,7,1,4,7,1,1,7,1,1,7,1,7,1,0,0,2,0,6,-1,3,0,0,-2,0,3,0,3,-4,-3,0,0,4,3
7050,5,4,4,4,6,5,3,5,4,4,4,5,3,4,4,2,2,3,5,4,4,2,2,6,2,4,5,3,3,5,3,2,6,2,3,5,2,2,4,4,5,3,2,3,2,-2,2,0,0,2,-1,2,-1,1,0,0,-1,-1,1,1,1,1
263,5,4,5,3,3,2,4,3,4,4,5,4,4,6,2,3,4,5,3,4,4,5,2,5,3,5,2,2,2,5,3,6,4,4,7,1,2,3,3,5,5,3,0,0,2,0,-2,0,2,1,-1,-1,0,-1,1,1,2,-1,1,0,-2,1
7939,2,6,6,2,6,5,4,3,4,4,5,4,4,2,6,2,2,2,6,4,4,1,5,7,1,7,6,4,3,6,2,4,3,5,1,7,1,1,4,4,6,2,1,1,1,-1,-1,-1,0,0,-2,1,1,1,1,1,-2,-2,2,-1,2,2
544,3,2,5,3,4,2,3,1,5,3,2,6,2,1,7,2,1,6,2,5,3,1,1,7,1,1,1,1,1,7,1,1,7,1,1,7,1,1,7,1,7,1,2,2,1,-2,3,1,2,0,-2,1,-1,0,1,0,-1,-2,2,1,1,2
566,4,5,5,3,7,5,6,5,5,3,4,7,1,6,2,5,2,1,7,4,4,1,1,7,1,2,4,1,7,5,3,2,4,4,1,7,4,4,4,4,6,2,2,3,4,-2,5,1,5,-2,0,2,3,5,1,-2,-3,-2,0,-3,3,2
3534,2,2,5,3,4,3,3,4,6,2,3,6,2,1,7,2,2,4,4,5,3,6,5,3,5,6,2,6,2,6,2,2,5,3,1,7,1,1, , ,5,3,-2,-4,-3,2,-2,1,-3,2,0,1,1,0,1,1, ,0,0,-1, ,0
1891,2,4,7,1,4,3,3,1,5,3,4,6,2,2,6,1,1,7,1,7,1,1,1,7,1,1,1,1,1,7,1,1,7,1,5,3,1,1,7,1,7,1,0,1,3,0,3,2,2,0,-2,3,-1,-3,0,0,0,0,2,1,0,0
5157,3,2,6,2,3,3,3,2,6,2,4,6,2,2,6,2,2,6,2,6,2,2,2,7,1,4,1,1,1,7,1,1,5,3,7,1,1,1,7,1,7,1,1,1,0,-1,-1,2,2,1,-1,3,1,-5,1,1,-1,-1,1,-1,1,1
8134,3,2,5,3,6,7,5,2,2,6,4,5,3,4,4,1,2,2,6,3,5,3,1,4,4,6,5,3,2,4,4,4,5,3,3,5,1,1,3,5,4,4,-1,0,1,1,0,2,2,0,-2,0,0,1,0,1,-1,-1,2,0,1,1
4703,4,3,5,3,5,6,2,2,4,4,4,6,2,2,6,4,2,2,6,5,3,1,1,7,1,7,7,1,1,1,7,1,7,1,1,7,1,1,1,7,7,1,2,3,2,-2,-2,-1,1,1,3,3,-1,1,3,1,1,-2,-3,1,-1,2
5360,2,4,6,2,4,3,3,3,6,2,4,6,2,1,7,2,2,2,6,6,2,2,2,6,2,7,2,2,1,7,1,1,7,1,1,7,1,2,6,2,6,2,0,0,2,0,-3,1,1,2,-1,3,-1,0,1,0,-4,0,1,1,4,0
6691,4,5,5,3,4,2,3,1,4,4,4,6,2,3,5,1,2,3,5,4,4,1,1,7,1,7,4,1,1,7,1,4,4,4,1,7,5,4,6,2,7,1,2,3,4,-2,-3,-2,2,0,-3,0,2,2,-4,-2,-3,-3,3,-2,3,3
7424,5,3,6,2,5,5,4,2,3,5,4,7,1,1,7,2,2,5,3,4,4,1,3,7,1,1,4,1,5,7,1,7,4,4,1,7,7,7,1,7,7,1,1,4,0,-1,4,1,3,-3,-4,-3,3,0,-5,-5,4,-3,4,-3,-4,3
2635,5,4,4,4,4,4,4,4,4,4,4,2,6,4,4,1,2,4,4,4,4,1,1,7,1,4,2,1,1,7,1,1,7,1,1,7,1,1,7,1,7,1,3,4,3,-3,0,2,3,3,-3,3,-5,3,0,1,-3,-3,3,5,3,3
2846,3,2,5,3,6,5,5,2,5,3,3,5,3,2,6,2,3,4,4,5,3,2,4,2,6,6,6,3,2,5,3,6,4,4,2,6,4,3,5,3,5,3,-3,1,-2,3,0,-1,2,0,0,-3,1,0,-2,0,-1,0,0,-1,1,0
6628,4,3,3,5,6,5,4,2,4,4,4,2,6,1,7,1,1,4,4,4,4,4,4,4,4,6,4,6,3,5,3,3,2,6,1,7,5,2,5,3,4,4,1,0,-1,-1,0,1,-2,-1,-1,1,0,0,-4,-1,-1,0,1,0,1,0
5858,5,4,4,4,7,6,6,3,2,6,6,2,6,6,2,2,3,2,6,4,4,3,3,3,5,6,6,4,4,4,4,5,5,3,6,2,2,2,2,6,3,5,-1,2,1,1,1,0,2,-1,-2,1,-3,0,0,1,0,1,2,3,0,-1
262,4,2,4,4,5,3,2,1,5,3,3,6,2,2,6,1,1,4,4,5,3,2,2,5,3,4,2,2,2,6,2,1,5,3,7,1,1,2,4,4,6,2,1,2,0,-1,1,1,0,-1,-1,2,1,-5,0,-1,0,-1,1,-1,0,1
1253,3,3,4,4,2,2,2,2,4,4,5,5,3,1,7,2,2,5,3,4,4,1,1,7,1,7,7,7,7,4,4,4,7,1,7,1,4,4,4,4,7,1,3,2,2,-3,-5,-5,-5,-5,0,1,-2,-6,-2,-2,1,-3,0,2,-1,3
1566,4,5,5,3,5,5,5,6,2,6,6,3,5,2,6,2,2,4,4,4,4,2,2,7,1,6,4,2,2,5,3,2,4,4,6,2,1,1,4,4,6,2,2,2,3,-2,-1,1,3,4,-3,4,-1,-4,1,1,0,-2,3,1,0,2
2188,1,4,6,2,3,6,4,4,3,5,3,5,3,1,7,1,3,2,6,5,3,1,1,7,1,3,2,2,2,6,2,1,6,2,1,7,4,2,5,3,6,2,1,0,3,-1,0,4,2,2,-3,2,-1,0,-3,1,-3,-1,3,1,3,1
2689,2,1,1,7,4,5,5,3,4,4,3,7,1,1,7,4,1,1,7,6,2,4,3,4,4,3,3,4,4,3,5,4, , ,4,4,4,4,5,3,7,1,3,-2,-2,-3,1,2,1,-1,1,-1, ,-3,0,-3,-4,-1,-1, ,4,1
2864,4,6,1,7,7,6,7,7,4,4,4,4,4,2,6,3,1,2,6,3,5,2,1,2,6,7,7,6,6,7,1,4,4,4,1,7,1,1,4,4,7,1,1,2,5,-1,0,-1,1,1,-3,0,0,1,2,0,-2,-4,3,0,2,4
2865,4,4,5,3,3,2,3,2,5,3,4,5,3,3,5,2,2,5,3,5,3,6,3,7,1,2,1,1,1,5,3,5,6,2,1,7,1,1,6,2,4,4,2,-2,1,-2,1,1,2,1,0,-1,-1,2,1,1,-1,1,0,1,1,-1
2875,2,2,6,2,4,1,1,3,6,2,2,7,1,7,1,4,4,4,4,4,4,1,1,6,2,4,1,1,2,6,2,1,7,1,7,1,6,2,6,2,7,1,0,1,1,0,0,0,0,1,0,1,0,0,-2,2,-2,-3,0,0,2,3
3859,3,5,4,4,7,5,6,3,3,5,5,3,5,4,4,2,1,2,6,3,5,5,4,5,3,4,4,2,1,7,1,4,5,3,3,5,3,1,7,1,6,2,1,-2,1,-1,3,1,4,2,-4,1,-2,1,-1,0,-5,-3,4,2,5,3
4492,2,2,6,2,2,1,1,1,3,5,5,2,6,1,7,1,2,5,3,4,4,2,2,4,4,4,4,4,4,4,4,3,4,4,1,7,4,4,4,4,7,1,-2,0,0,2,-2,-3,-3,-3,-1,2,-2,0,-3,-2,1,-3,1,2,-1,3
4815,2,2,6,2,2,3,3,4,4,4,3,6,2,1,7,1,2,4,4,6,2,2,2,6,2,2,3,3,4,4,4,2,6,2,1,7,1,3,6,2,4,4,0,0,0,0,0,0,0,0,0,1,0,0,0,-1,-2,2,0,0,2,-2
5072,3,6,6,2,4,2,3,3,4,4,4,7,1,2,6,4,1,4,4,4,4,3,3,7,1,2,1,1,1,7,1,4,4,4,2,6,1,1,5,3,7,1,1,0,3,-1,2,1,2,2,-3,0,3,0,3,0,-1,-3,3,-3,1,3
5950,4,3,2,6,5,3,3,1,5,3,2,4,4,3,5,6,5,4,4,5,3,7,1,1,7,7,4,7,1,7,1,1,4,4,6,2,7,7,1,7,7,1,-1,-3,2,1,-2,-1,-4,0,-2,1,0,-3,-1,-2,3,-2,2,0,-3,2
5974,4,4,5,3,5,3,3,3,5,3,4,5,3,1,7,3,3,5,3,4,4,4,4,4,4,4,4,4,4,4,4,4,4,4,4,4,4,4,4,4,4,4,-1,0,0,1,1,-1,-1,-1,1,0,1,-3,-1,-1,1,0,-1,-1,-1,0
6211,3,2,5,3,1,1,2,1,5,3,3,7,1,4,4,2,3,4,4,5,3,1,1,7,1,1,1,1,1,7,1,1,7,1,1,7,1,1,7,1,7,1,2,2,1,-2,0,0,1,0,-2,2,0,3,1,2,-3,-2,2,0,3,2
7170,5,2,7,1,1,1,2,3,4,4,5,7,1,1,7,2,2,4,4,5,3,2,2,6,2,2,4,2,2,4,4,4,6,2,2,6,4,2,4,4,6,2,-1,3,0,1,-1,-3,0,1,0,1,1,-1,-2,0,0,-1,0,-1,0,1
7249,1,2,6,2,2,2,2,2,5,3,2,4,4,1,7,1,1,2,6,6,2,1,1,7,1,1,1,1,1,7,1,1,7,1,1,7,1,1,7,1,7,1,1,0,1,-1,1,1,1,1,-2,1,-3,0,0,0,-5,-1,2,3,5,1
7352,3,2,6,2,4,2,4,1,6,2,3,7,1,1,7,1,2,5,3,6,2,1,1,7,1,6,2,2,1,7,1,2,7,1,1,7,3,3,6,2,6,2,1,2,1,-1,-2,0,2,0,-1,1,0,0,-2,-1,-1,0,1,0,1,0
7497,3,3,4,4,6,6,5,3,4,4,3,5,3,2,6,2,2,3,5,4,4,2,2,7,1,6,6,4,2,4,4,4,4,4,1,7,1,2,4,4,4,4,3,1,1,-3,0,0,1,1,0,-1,1,1,1,0,-1,0,0,-1,1,0
8027,4,5,2,6,5,6,5,4,3,5,4,5,3,4,4,3,3,2,6,4,4,4,5,4,4,4,6,5,3,4,4,2,4,4,7,1,2,2,5,3,6,2,2,0,0,-2,1,0,0,1,-1,2,1,-3,1,1,-3,-2,1,-1,3,2
8070,3,5,5,3,5,6,6,4,3,5,3,6,2,1,7,3,2,2,6,3,5,2,3,6,2,2,6,1,6,7,1,7,4,4,1,7,7,4,6,2,7,1,1,1,2,-1,3,0,5,-2,-4,-4,2,0,-4,-2,-4,-4,4,-2,4,4
8341,3,6,4,4,7,7,7,7,3,5,4,1,7,3,5,1,1,1,7,2,6,3,2,7,1,5,1,1,1,6,2,1,7,1,1,7,1,2,7,1,7,1,3,0,4,-3,2,6,6,6,-3,3,-6,2,0,-1,-6,-5,3,6,6,5
8600,3,3,5,3,4,2,2,3,4,4,6,6,2,2,6,3,3,4,4,4,4,1,1,6,2,4,2,1,1,1,7,4,4,4,1,7,1,1,1,7,7,1,1,2,2,-1,0,0,1,2,3,2,2,1,2,2,3,-3,-3,-2,-3,3
9030,5,3,4,4,5,3,3,2,4,4,3,6,2,2,6,2,2,4,4,5,3,3,3,5,3,5,3,3,3,5,3,3,6,2,2,6,3,2,3,5,5,3,1,2,0,-1,0,0,0,-1,-1,0,0,0,-1,0,1,0,1,0,-1,0
